,action,cos,sin,omega,reward
0,,0.9580116868019104,0.286729097366333,-0.3205644190311432,
1,-1.3408749103546143,0.9622951745986938,0.2720073163509369,-0.306648850440979,-0.0966450423002243
2,-1.750698447227478,0.9671019315719604,0.25438910722732544,-0.3652481138706207,-0.0883566364645958
3,-1.8965480327606201,0.9726842641830444,0.23213207721710205,-0.45893847942352295,-0.08309757709503174
4,-1.5006345510482788,0.97828608751297,0.20725904405117035,-0.5099346041679382,-0.07819634675979614
5,-1.345692753791809,0.9836722612380981,0.1799691766500473,-0.5563442707061768,-0.07140010595321655
6,-0.8971525430679321,0.9882941842079163,0.1525600254535675,-0.5559402704238892,-0.06450153142213821
7,-0.5664808750152588,0.9919674396514893,0.12649370729923248,-0.5264923572540283,-0.054685261100530624
8,-0.39550721645355225,0.9947733283042908,0.10210781544446945,-0.4909481704235077,-0.04396257922053337
9,-0.24627260863780975,0.9968239665031433,0.07963625341653824,-0.4513081908226013,-0.03462610021233559
10,-0.15015988051891327,0.9982590675354004,0.058981169015169144,-0.41410496830940247,-0.026745840907096863
11,-0.46574121713638306,0.9993144869804382,0.03702044486999512,-0.43973028659820557,-0.020848028361797333
12,0.1373361051082611,0.9998475909233093,0.017459793016314507,-0.39136454463005066,-0.020726272836327553
13,-0.46169501543045044,0.9999879002571106,-0.00491549726575613,-0.44752395153045654,-0.015834657475352287
14,0.7414623498916626,0.9997598528862,-0.021913323551416397,-0.3399912118911743,-0.020601697266101837
15,0.3142896890640259,0.9993014931678772,-0.03737051039934158,-0.30928274989128113,-0.01213845144957304
16,1.1973578929901123,0.9989757537841797,-0.04524910822510719,-0.15770696103572845,-0.012396453879773617
17,1.0552154779434204,0.9988988637924194,-0.046915408223867416,-0.033361464738845825,-0.005649508908390999
18,0.4941014349460602,0.9989118576049805,-0.04663735255599022,0.005567195359617472,-0.002558107255026698
19,0.052621886134147644,0.9988611340522766,-0.04771203175187111,-0.021517537534236908,-0.0021824899595230818
20,0.8388941884040833,0.9990187883377075,-0.044289033859968185,0.0685325637459755,-0.0030282114166766405
21,0.36584943532943726,0.9992083311080933,-0.03978336229920387,0.09019320458173752,-0.0025663194246590137
22,0.05344647914171219,0.9993385076522827,-0.03636721149086952,0.06837265938520432,-0.002399889752268791
23,-0.07444711774587631,0.9993917942047119,-0.034871652722358704,0.029930179938673973,-0.0017961818957701325
24,0.2831670641899109,0.9994697570800781,-0.03256039321422577,0.04625150188803673,-0.0013862905325368047
25,-0.05789336562156677,0.9994909763336182,-0.03190337494015694,0.0131472023203969,-0.0012778257951140404
26,-0.3477281630039215,0.9993855953216553,-0.03504858538508415,-0.06293955445289612,-0.001156370504759252
27,0.22738438844680786,0.9992852210998535,-0.03780267387628555,-0.05511833354830742,-0.0016767490888014436
28,0.2874995172023773,0.9992069602012634,-0.039818424731492996,-0.040345411747694016,-0.0018161823973059654
29,0.23398637771606445,0.9991354942321777,-0.041572533547878265,-0.03511127084493637,-0.0018038703128695488
30,0.3851568400859833,0.9991176724433899,-0.04199801757931709,-0.008517144247889519,-0.002000897889956832
31,0.3255539834499359,0.9991360902786255,-0.04155753180384636,0.008817439898848534,-0.0018781110411509871
32,-0.38667920231819153,0.9989610910415649,-0.04557134211063385,-0.08035258948802948,-0.0018853190122172236
33,0.1554681807756424,0.9987428784370422,-0.050126656889915466,-0.09121087193489075,-0.00274801068007946
34,0.7304455637931824,0.9986941814422607,-0.05108737573027611,-0.019239027053117752,-0.0038802821654826403
35,-0.14249709248542786,0.9984847903251648,-0.055028270930051804,-0.0789291262626648,-0.00266951322555542
36,0.6339145302772522,0.998414933681488,-0.056281983852386475,-0.025113148614764214,-0.004056000616401434
37,0.41336342692375183,0.9983999133110046,-0.05654756724834442,-0.005320122465491295,-0.0034049483947455883
38,0.20452827215194702,0.9983513355255127,-0.057398758828639984,-0.017051557078957558,-0.003245703410357237
39,0.11343817412853241,0.9982253909111023,-0.05954931676387787,-0.043084900826215744,-0.0033401858527213335
40,0.31118571758270264,0.998100996017456,-0.0615989975631237,-0.04106903076171875,-0.0038327882066369057
41,0.9424863457679749,0.998263955116272,-0.0588986799120903,0.054104674607515335,-0.004856192506849766
42,0.2376662790775299,0.9983956217765808,-0.05662345513701439,0.045580606907606125,-0.0038222901057451963
43,0.22014708817005157,0.9984962940216064,-0.054819509387016296,0.036135077476501465,-0.003465872025117278
44,0.5798554420471191,0.9987126588821411,-0.05072528496384621,0.08199876546859741,-0.0034750003833323717
45,-0.270967960357666,0.9987210035324097,-0.05056001618504524,0.0033096065744757652,-0.0033210678957402706
46,0.21977823972702026,0.9987168908119202,-0.050642095506191254,-0.001643670373596251,-0.0026078943628817797
47,-0.01937296986579895,0.9986069202423096,-0.05276580899953842,-0.04253118857741356,-0.002567462855949998
48,0.2568959891796112,0.9984896183013916,-0.05494120717048645,-0.043571148067712784,-0.0030337043572217226
49,0.3827643394470215,0.9984135031700134,-0.05630720779299736,-0.02736240066587925,-0.003357931273058057
50,0.042749106884002686,0.9982306361198425,-0.05946093052625656,-0.06318043917417526,-0.0032505556009709835
51,0.15625208616256714,0.9979709982872009,-0.0636698454618454,-0.08433832228183746,-0.003963368479162455
52,0.7472511529922485,0.9979068636894226,-0.06466793268918991,-0.02000303566455841,-0.005329018458724022
53,0.6754977107048035,0.998011589050293,-0.06303025037050247,0.03282066807150841,-0.004684093873947859
54,0.3878750205039978,0.9981470704078674,-0.06084798648953438,0.043729234486818314,-0.0042362515814602375
55,-0.09455433487892151,0.9980977773666382,-0.061650972813367844,-0.0160899069160223,-0.003907221369445324
56,0.47619593143463135,0.9981257319450378,-0.06119677051901817,0.009101253002882004,-0.004058318678289652
57,-0.2029423713684082,0.9979143738746643,-0.06455200165510178,-0.06723768264055252,-0.0037991979625076056
58,0.7993805408477783,0.9979280829429626,-0.06433967500925064,0.004255401901900768,-0.005263861268758774
59,0.7629246711730957,0.9981484413146973,-0.06082461029291153,0.07043934613466263,-0.004729182925075293
60,0.2807089686393738,0.9983464479446411,-0.057484108954668045,0.0669272392988205,-0.0042791725136339664
61,0.00484098494052887,0.9984161853790283,-0.05625908076763153,0.02454030141234398,-0.00375601788982749
62,0.30045074224472046,0.9984923601150513,-0.05489052087068558,0.02741360291838646,-0.003318922361359
63,0.45014238357543945,0.9986363649368286,-0.052206024527549744,0.053767070174217224,-0.003293778747320175
64,0.4201177656650543,0.9988314509391785,-0.0483294241130352,0.07763021439313889,-0.0031935372389853
65,-0.06022442877292633,0.9989083409309387,-0.046713776886463165,0.03234948590397835,-0.0029438259080052376
66,0.48268404603004456,0.999065101146698,-0.04323146492242813,0.06971675902605057,-0.0025213987100869417
67,0.029240962117910385,0.9991530179977417,-0.041149355471134186,0.04167930781841278,-0.00235702283680439
68,0.4511701762676239,0.9993067979812622,-0.03722773492336273,0.07849281281232834,-0.002071497030556202
69,0.22243010997772217,0.9994542598724365,-0.033033501356840134,0.08393653482198715,-0.002052132273092866
70,0.011934235692024231,0.9995502829551697,-0.029987437650561333,0.06095154210925102,-0.001796285854652524
71,-0.2768833637237549,0.9995456337928772,-0.030140945687890053,-0.0030715411994606256,-0.0013476895401254296
72,0.4514114558696747,0.9996067881584167,-0.02804011106491089,0.04203446954488754,-0.0011134676169604063
73,-0.1390286237001419,0.9996070265769958,-0.028032610192894936,0.00015009046182967722,-0.0009824726730585098
74,-0.04656778275966644,0.9995669722557068,-0.029425011947751045,-0.027859535068273544,-0.0007882039644755423
75,-0.1343759149312973,0.9994577169418335,-0.03292753919959068,-0.07008468359708786,-0.0009617535979487002
76,0.23476386070251465,0.9993552565574646,-0.035904064774513245,-0.05956575646996498,-0.001630915328860283
77,0.15462781488895416,0.9992365837097168,-0.03906681761145592,-0.06329963356256485,-0.0016683738213032484
78,0.37981048226356506,0.999165415763855,-0.0408468060195446,-0.035628173500299454,-0.0020719338208436966
79,-0.18307840824127197,0.9989630579948425,-0.045528680086135864,-0.0937250405550003,-0.0018298446666449308
80,0.4587334394454956,0.9988242387771606,-0.048478491604328156,-0.05906153470277786,-0.0031631693709641695
81,0.003984600305557251,0.9985831379890442,-0.053213492035865784,-0.0948227122426033,-0.0027008499018847942
82,0.41811373829841614,0.9983850717544556,-0.056808825582265854,-0.07201576977968216,-0.003908306360244751
83,0.20911814272403717,0.9981399178504944,-0.06096433103084564,-0.08325466513633728,-0.00379307777620852
84,0.33046919107437134,0.997890055179596,-0.06492683291435242,-0.07940753549337387,-0.004523607436567545
85,0.35976845026016235,0.9976425170898438,-0.06862542778253555,-0.07413739711046219,-0.004981419537216425
86,0.8334763050079346,0.9976404905319214,-0.0686546117067337,-0.0005850187735632062,-0.005961178801953793
87,0.2873914837837219,0.9976096153259277,-0.06910190731287003,-0.00896725244820118,-0.004803507588803768
88,0.13892310857772827,0.9974695444107056,-0.07109475135803223,-0.03995521366596222,-0.004810033831745386
89,0.2811442017555237,0.9972846508026123,-0.0736432820558548,-0.051104649901390076,-0.005301686469465494
90,0.49550479650497437,0.9971655011177063,-0.07523941248655319,-0.03201139345765114,-0.005939859431236982
91,0.21935024857521057,0.9969527125358582,-0.07800816744565964,-0.05553841590881348,-0.005822271108627319
92,0.31999650597572327,0.9966896772384644,-0.08129993081092834,-0.06604506820440292,-0.006508507300168276
93,1.1644076108932495,0.9968805313110352,-0.07892552763223648,0.04764113202691078,-0.008416332304477692
94,0.8565269708633423,0.9973248839378357,-0.0730961486697197,0.11692602932453156,-0.007202822715044022
95,0.25663042068481445,0.9976799488067627,-0.06807877868413925,0.10059848427772522,-0.0067856190726161
96,0.2366361767053604,0.9979603886604309,-0.06383629888296127,0.0850348249077797,-0.005709900055080652
97,0.6441588401794434,0.998365044593811,-0.05715949088335037,0.13378143310546875,-0.005218653008341789
98,0.1525837481021881,0.9986741542816162,-0.05147792771458626,0.11379937827587128,-0.005083800759166479
99,0.17889149487018585,0.9989237189292908,-0.04638281092047691,0.10202465951442719,-0.003979353234171867
100,0.08945339173078537,0.9991026520729065,-0.04235400632023811,0.08065555989742279,-0.003201814601197839
101,-0.14583328366279602,0.9991589784622192,-0.041004426777362823,0.02701505832374096,-0.00246673496440053
102,0.3152247667312622,0.9992458820343018,-0.03882889077067375,0.043545451015233994,-0.0018546542851254344
103,-0.31413161754608154,0.9991810321807861,-0.04046240448951721,-0.0326959602534771,-0.0017967404564842582
104,-0.024228960275650024,0.9990406036376953,-0.04379329830408096,-0.06667710840702057,-0.0017455900087952614
105,0.7459990382194519,0.9990675449371338,-0.04317499324679375,0.012377775274217129,-0.0029201784636825323
106,0.08282317221164703,0.9990510940551758,-0.04355363920331001,-0.007579995319247246,-0.001887420192360878
107,-0.351879745721817,0.9988377094268799,-0.0482000969350338,-0.09302718937397003,-0.0020276850555092096
108,0.3687143325805664,0.9986528754234314,-0.05188897252082825,-0.07387010753154755,-0.003326406702399254
109,0.5809409022331238,0.9985855221748352,-0.05316948518157005,-0.025645701214671135,-0.003578056814149022
110,0.5589264035224915,0.9986338019371033,-0.05225495249032974,0.01831614412367344,-0.0032078311778604984
111,-0.00858888030052185,0.9985752701759338,-0.05336157605051994,-0.022163400426506996,-0.0027666909154504538
112,-0.16114047169685364,0.9983355402946472,-0.05767269432544708,-0.08635565638542175,-0.0029252523090690374
113,0.587735116481781,0.9982138872146606,-0.05974161624908447,-0.041449908167123795,-0.004420996643602848
114,0.3070240020751953,0.9980917572975159,-0.06174803152680397,-0.04020252078771591,-0.0038393880240619183
115,0.6261947154998779,0.9981145858764648,-0.06137795001268387,0.007415665779262781,-0.004371419083327055
116,0.15793056786060333,0.9980685114860535,-0.06212293729186058,-0.014928211458027363,-0.0038024343084543943
117,0.32944047451019287,0.9980307221412659,-0.06272697448730469,-0.012104342691600323,-0.003995050210505724
118,0.33202967047691345,0.9980012774467468,-0.06319329887628555,-0.009345121681690216,-0.004064739681780338
119,0.298738956451416,0.9979634284973145,-0.06378856301307678,-0.011929254047572613,-0.004096698481589556
120,1.0596458911895752,0.9982674717903137,-0.058839086443185806,0.09917620569467545,-0.005211591720581055
121,-0.028910279273986816,0.9984134435653687,-0.056307774037122726,0.05071035400032997,-0.004450468346476555
122,0.5501143336296082,0.9986593127250671,-0.0517645925283432,0.09099667519330978,-0.0037337017711251974
123,-0.13154608011245728,0.9987419843673706,-0.050144635140895844,0.03244131803512573,-0.003527313470840454
124,-0.042052268981933594,0.9987130165100098,-0.05071765184402466,-0.01147499866783619,-0.002623606938868761
125,0.6195750832557678,0.9988207817077637,-0.04854917898774147,0.04342302307486534,-0.0029715297278016806
126,0.39284199476242065,0.998975396156311,-0.045255936682224274,0.06593743711709976,-0.0027017577085644007
127,-0.08793047070503235,0.9990175366401672,-0.04431658238172531,0.018805915489792824,-0.0024920059368014336
128,0.39500856399536133,0.9991143345832825,-0.04207768663764,0.04481976106762886,-0.002156644593924284
129,0.06750982999801636,0.9991628527641296,-0.0409092977643013,0.0233879704028368,-0.0019770164508372545
130,-0.17050258815288544,0.9990943074226379,-0.04255133494734764,-0.03286939114332199,-0.0017582759028300643
131,-0.17940831184387207,0.9988886713981628,-0.04713142663240433,-0.09169413894414902,-0.0019519369816407561
132,0.5847876071929932,0.9987940788269043,-0.04909537732601166,-0.0393245667219162,-0.003405776107683778
133,0.314778208732605,0.9987220168113708,-0.050540048629045486,-0.028929367661476135,-0.002666022628545761
134,-0.005777865648269653,0.998545229434967,-0.053920481353998184,-0.06770108640193939,-0.002640198450535536
135,0.8250924348831177,0.9985870718955994,-0.05314048007130623,0.01562242116779089,-0.0040493616834282875
136,0.5705645680427551,0.9987453818321228,-0.05007698014378548,0.06135174632072449,-0.0031765226740390062
137,0.2411937713623047,0.9988910555839539,-0.04708186909556389,0.05997307598590851,-0.002944381209090352
138,0.03753424435853958,0.9989612102508545,-0.045568905770778656,0.030291810631752014,-0.0025794280227273703
139,0.5438231229782104,0.9991306662559509,-0.04168817773461342,0.07768859714269638,-0.002465466968715191
140,0.6233327984809875,0.999397873878479,-0.03469717502593994,0.1399223804473877,-0.0027310072910040617
141,-0.2667071223258972,0.9995192289352417,-0.03100449964404106,0.07389343529939651,-0.003233337542042136
142,-0.16417866945266724,0.9995587468147278,-0.029704436659812927,0.026013262569904327,-0.0015345658175647259
143,-0.6195184588432312,0.9994162917137146,-0.034161798655986786,-0.08919283747673035,-0.001334085245616734
144,0.10908856242895126,0.9992360472679138,-0.039081037044525146,-0.09845089912414551,-0.001974919345229864
145,0.40606391429901123,0.999099850654602,-0.04242086410522461,-0.06685209274291992,-0.002662251703441143
146,0.27796241641044617,0.9989749193191528,-0.04526679217815399,-0.056973375380039215,-0.0023247934877872467
147,-0.025087833404541016,0.9987494349479675,-0.049995746463537216,-0.09468664973974228,-0.002375709591433406
148,0.1552789956331253,0.998462438583374,-0.0554327517747879,-0.10889160633087158,-0.0034223278053104877
149,0.292493999004364,0.9981527924537659,-0.06075334548950195,-0.1065920740365982,-0.004347233101725578
150,0.7069839239120483,0.9980100989341736,-0.0630543977022171,-0.04610949382185936,-0.005331532564014196
151,0.3439178168773651,0.9978761076927185,-0.0651407316327095,-0.04181262105703354,-0.004312025848776102
152,0.32225263118743896,0.9977359771728516,-0.06725259870290756,-0.04233027249574661,-0.004528006538748741
153,0.3798486888408661,0.9976140260696411,-0.06903806328773499,-0.03579242154955864,-0.004853218328207731
154,0.4425295293331146,0.997540295124054,-0.07009506970643997,-0.021191539242863655,-0.005097787827253342
155,0.46408817172050476,0.9975257515907288,-0.07030203938484192,-0.0041496180929243565,-0.00518167344853282
156,0.16794949769973755,0.9974130988121033,-0.0718822181224823,-0.031683724373579025,-0.0049804700538516045
157,0.7221916317939758,0.9974941611289978,-0.07074844837188721,0.022733354941010475,-0.005797924008220434
158,0.5060241222381592,0.9976528286933899,-0.06847519427537918,0.045575641095638275,-0.005321457050740719
159,-0.015926063060760498,0.9976247549057007,-0.06888271123170853,-0.008169664070010185,-0.004904166329652071
160,0.5302479863166809,0.9976921677589417,-0.06789974123239517,0.019705500453710556,-0.0050401887856423855
161,0.9099463820457458,0.998035728931427,-0.06264734268188477,0.10527265071868896,-0.005484310910105705
162,0.24871119856834412,0.9983237385749817,-0.0578763410449028,0.09559382498264313,-0.005099924746900797
163,0.6859261393547058,0.9987425208091736,-0.050133902579545975,0.15507549047470093,-0.004737730138003826
164,-0.08459889143705368,0.9989914894104004,-0.0449005663394928,0.10478522628545761,-0.004927514586597681
165,-0.080183245241642,0.999119758605957,-0.04194923862814903,0.05908231809735298,-0.0031218407675623894
166,-0.410474956035614,0.9990471005439758,-0.0436452254652977,-0.03395085409283638,-0.0022783332969993353
167,0.2999774217605591,0.9989991784095764,-0.04472857341170311,-0.021688159555196762,-0.00211136881262064
168,0.6070269346237183,0.9990776777267456,-0.04293932020664215,0.03581945225596428,-0.0024175001308321953
169,0.25058919191360474,0.9991640448570251,-0.0408809669315815,0.0412033386528492,-0.002036017831414938
170,-0.5879392623901367,0.9989977478981018,-0.04475981742143631,-0.07764827460050583,-0.0021876292303204536
171,0.7368309497833252,0.9989961981773376,-0.04479445517063141,-0.0006934941047802567,-0.003150625852867961
172,0.2686801552772522,0.9990096688270569,-0.04449412226676941,0.006012687459588051,-0.002080123871564865
173,-0.22449249029159546,0.9988692402839661,-0.047542475163936615,-0.061031777411699295,-0.0020350466948002577
174,0.1859675645828247,0.9986997842788696,-0.05097797513008118,-0.06879349797964096,-0.002669063862413168
175,0.44244030117988586,0.9985940456390381,-0.053008269518613815,-0.040660932660102844,-0.0032700160518288612
176,0.3904350996017456,0.9985355734825134,-0.054099295288324356,-0.02185187116265297,-0.0031302832067012787
177,0.14761285483837128,0.9984245896339417,-0.056110456585884094,-0.040284413844347,-0.0029991334304213524
178,0.19294559955596924,0.998271107673645,-0.05877731367945671,-0.053425416350364685,-0.0033512043301016092
179,0.9265942573547363,0.9983908534049988,-0.056706737726926804,0.04148073494434357,-0.004602762870490551
180,0.27977707982063293,0.9985048174858093,-0.05466404929757118,0.04091724380850792,-0.003469447372481227
181,0.7294542193412781,0.9987887144088745,-0.049204569309949875,0.10933733731508255,-0.0036906651221215725
182,-0.19037143886089325,0.9988942742347717,-0.04701320081949234,0.04387819766998291,-0.0036547526251524687
183,0.6778500080108643,0.999138355255127,-0.041503820568323135,0.11029579490423203,-0.0028638814110308886
184,0.1641879379749298,0.999340295791626,-0.03631795197725296,0.10379612445831299,-0.002967031206935644
185,0.624002993106842,0.9996131062507629,-0.02781444601714611,0.17015810310840607,-0.002786317141726613
186,-0.4493231773376465,0.9997186064720154,-0.023720867931842804,0.08189880102872849,-0.00387111259624362
187,-0.3361468017101288,0.99973464012146,-0.02303675003349781,0.01368612702935934,-0.0013465211959555745
188,0.09079009294509888,0.9997460246086121,-0.022535525262355804,0.010027078911662102,-0.0005577595438808203
189,-0.4502606987953186,0.9996552467346191,-0.02625509910285473,-0.07441367208957672,-0.0007207248127087951
190,-0.05723775923252106,0.9995073080062866,-0.03138749301433563,-0.10269065946340561,-0.0012465042527765036
191,0.22456370294094086,0.9993513226509094,-0.0360121987760067,-0.0925467237830162,-0.0020904645789414644
192,-0.10795056819915771,0.9990838766098022,-0.04279433563351631,-0.1357484608888626,-0.002165582263842225
193,0.21170295774936676,0.9987695813179016,-0.04959149658679962,-0.1360887736082077,-0.0037200567312538624
194,0.10344332456588745,0.9983473420143127,-0.057468462735414505,-0.15776589512825012,-0.004324051085859537
195,0.3658837676048279,0.9979012608528137,-0.06475403904914856,-0.1459846794605255,-0.005929145030677319
196,0.43658825755119324,0.9974626302719116,-0.0711921975016594,-0.1290619671344757,-0.006520720664411783
197,0.7931668162345886,0.9972316026687622,-0.07435783743858337,-0.06348108500242233,-0.007371727377176285
198,0.6305068731307983,0.9971391558647156,-0.07558803260326385,-0.024673432111740112,-0.006339831743389368
199,0.46465569734573364,0.9970948696136475,-0.07616965472698212,-0.011666104197502136,-0.006001248490065336
200,0.18226397037506104,0.7805314064025879,-0.6251165866851807,0.9490620493888855,-0.005859902128577232
201,2.0,0.8043178915977478,-0.5941991806030273,0.780224621295929,-0.5500761866569519
202,2.0,0.8227631449699402,-0.5683844089508057,0.6345751881599426,-0.46971413493156433
203,2.0,0.8369410037994385,-0.5472931265830994,0.5082868933677673,-0.4097382724285126
204,2.0,0.8476608395576477,-0.5305384993553162,0.39781704545021057,-0.36522313952445984
205,2.0,0.855521023273468,-0.5177680850028992,0.2999131679534912,-0.3325704038143158
206,2.0,0.8609507083892822,-0.5086883902549744,0.2115871012210846,-0.309192031621933
207,2.0,0.8642407059669495,-0.5030784606933594,0.1300707906484604,-0.29327064752578735
208,2.0,0.8655648827552795,-0.5007967948913574,0.05276193469762802,-0.2835865020751953
209,2.0,0.8649925589561462,-0.5017847418785095,-0.02283564582467079,-0.2793986201286316
210,2.0,0.8624936938285828,-0.5060678124427795,-0.09917419403791428,-0.28037145733833313
211,2.0,0.8579369783401489,-0.5137549638748169,-0.17872504889965057,-0.2865406572818756
212,2.0,0.8510797619819641,-0.5250363945960999,-0.2640412449836731,-0.2983147203922272
213,2.0,0.8415507078170776,-0.5401781797409058,-0.3578185439109802,-0.3165130317211151
214,2.0,0.8288225531578064,-0.5595116019248962,-0.4629521667957306,-0.34244346618652344
215,2.0,0.8121750354766846,-0.58341383934021,-0.582585871219635,-0.3780266344547272
216,2.0,0.790645956993103,-0.6122735738754272,-0.7201462388038635,-0.42597705125808716
217,2.0,0.7629703879356384,-0.6464334726333618,-0.8793513774871826,-0.49005377292633057
218,2.0,0.7275108098983765,-0.68609619140625,-1.0641764402389526,-0.5753951072692871
219,2.0,0.6821869611740112,-0.7311777472496033,-1.278748631477356,-0.6889485716819763
220,2.0,0.6244232058525085,-0.7810862064361572,-1.5271319150924683,-0.8399966359138489
221,2.0,0.5511531233787537,-0.8344041109085083,-1.8129465579986572,-1.0407522916793823
222,2.0,0.4589456021785736,-0.8884643912315369,-2.138749599456787,-1.3069467544555664
223,2.0,0.3443564176559448,-0.9388390183448792,-2.5050978660583496,-1.6582353115081787
224,2.0,0.20463599264621735,-0.9788381457328796,-2.909227132797241,-2.118105411529541
225,2.0,0.03891420364379883,-0.9992425441741943,-3.343355894088745,-2.7127785682678223
226,2.0,-0.15014541149139404,-0.988663911819458,-3.792787790298462,-3.468435525894165
227,2.0,-0.35454708337783813,-0.935038149356842,-4.234285831451416,-4.406126499176025
228,2.0,-0.5598525404930115,-0.8285922408103943,-4.63556432723999,-5.534280300140381
229,2.0,-0.7460153698921204,-0.6659287214279175,-4.957008361816406,-6.840088844299316
230,-0.20785854756832123,-0.8985437154769897,-0.43888404965400696,-5.48763370513916,-8.279104232788086
231,-2.0,-0.9889916777610779,-0.14797113835811615,-6.116796970367432,-10.236651420593262
232,-2.0,-0.984222412109375,0.17693579196929932,-6.527775287628174,-12.704025268554688
233,-2.0,-0.8714596033096313,0.4904673099517822,-6.69507360458374,-13.048823356628418
234,-2.0,-0.6644886136054993,0.7472984194755554,-6.627223014831543,-11.397867202758789
235,-2.0,-0.3972073197364807,0.9177289009094238,-6.366749286651611,-9.675000190734863
236,-2.0,-0.1093302071094513,0.9940055012702942,-5.978452205657959,-7.9750518798828125
237,-2.0,0.16632169485092163,0.9860715270042419,-5.5329484939575195,-6.401750564575195
238,-1.650315523147583,0.40697991847991943,0.9134371280670166,-5.040942192077637,-5.034443378448486
239,-0.42449164390563965,0.5972934365272522,0.8020227551460266,-4.4195380210876465,-3.8675897121429443
240,-0.0024535953998565674,0.738633930683136,0.6741067171096802,-3.8183889389038086,-2.8193857669830322
241,1.16829252243042,0.8348828554153442,0.5504276752471924,-3.1375648975372314,-2.0066111087799072
242,1.1834403276443481,0.8980345726013184,0.43992486596107483,-2.5472280979156494,-1.3255767822265625
243,1.8526034355163574,0.936408281326294,0.3509124219417572,-1.9393938779830933,-0.8597631454467773
244,0.8140844106674194,0.9608228206634521,0.2771632969379425,-1.5540969371795654,-0.5053423643112183
245,0.6522130370140076,0.976240873336792,0.21668826043605804,-1.2483924627304077,-0.3208184838294983
246,0.4350225627422333,0.9860230088233948,0.16660910844802856,-1.020622968673706,-0.2037453055381775
247,0.007283464074134827,0.9924865365028381,0.12235366553068161,-0.8945735692977905,-0.13218648731708527
248,0.5552000403404236,0.996245265007019,0.08657608926296234,-0.719528317451477,-0.09538016468286514
249,0.5236915946006775,0.9983252882957458,0.05785016342997551,-0.5760425329208374,-0.05956057459115982
250,0.15604662895202637,0.9994745254516602,0.032414406538009644,-0.509247899055481,-0.03655723109841347
251,0.4577515125274658,0.9999326467514038,0.011606104671955109,-0.41627436876296997,-0.027193941175937653
252,0.4359494149684906,0.999984860420227,-0.0055024768225848675,-0.3421773910522461,-0.017653195187449455
253,0.36628222465515137,0.999798595905304,-0.02006925269961357,-0.291361927986145,-0.011872977018356323
254,0.8669448494911194,0.9995827078819275,-0.028885187581181526,-0.17637212574481964,-0.009643598459661007
255,0.5355284214019775,0.9993954300880432,-0.03476753458380699,-0.11770675331354141,-0.004232089500874281
256,0.3509405851364136,0.9992266297340393,-0.03932147100567818,-0.09114132076501846,-0.0027179161552339792
257,0.3061879873275757,0.999072790145874,-0.043053507804870605,-0.07470422238111496,-0.0024714006576687098
258,0.6037915945053101,0.9990370869636536,-0.04387401416897774,-0.016425615176558495,-0.002777387388050556
259,-0.025219693779945374,0.9989170432090759,-0.04652700200676918,-0.05311407893896103,-0.001953781582415104
260,0.710038423538208,0.9989596605300903,-0.04560316354036331,0.018496431410312653,-0.002952591050416231
261,-0.07521125674247742,0.9988971948623657,-0.04695110023021698,-0.026987629011273384,-0.002120960270985961
262,0.42997801303863525,0.9989025592803955,-0.04683643579483032,0.0022957497276365757,-0.0024637416936457157
263,-0.05370648205280304,0.9988047480583191,-0.04887847229838371,-0.04088754951953888,-0.0021986691281199455
264,-0.015037834644317627,0.9986017346382141,-0.052863407880067825,-0.07980208098888397,-0.002558415289968252
265,0.4444030523300171,0.998458743095398,-0.055498987436294556,-0.05278917774558067,-0.003631478175520897
266,0.012477308511734009,0.998191237449646,-0.060118336230516434,-0.09254182130098343,-0.003362130606546998
267,0.537177324295044,0.9980157017707825,-0.06296562403440475,-0.05705397576093674,-0.004763535223901272
268,0.7386959791183472,0.9980362057685852,-0.06263995915651321,0.006526199635118246,-0.004841108340770006
269,0.42233988642692566,0.9981072545051575,-0.06149730831384659,0.022897211834788322,-0.0041115377098321915
270,0.11325782537460327,0.998088002204895,-0.061808571219444275,-0.006237096153199673,-0.0038519517984241247
271,0.1713854968547821,0.9980040192604065,-0.06315022706985474,-0.02688569948077202,-0.0038584372960031033
272,0.45792335271835327,0.9979864358901978,-0.06342766433954239,-0.005559868179261684,-0.004275241866707802
273,0.6503788232803345,0.998124897480011,-0.06121067330241203,0.04442620649933815,-0.004454559180885553
274,0.030238091945648193,0.998134195804596,-0.06105826422572136,0.0030539161525666714,-0.0039497180841863155
275,0.19642573595046997,0.9980934262275696,-0.06172080710530281,-0.013275920413434505,-0.0037722692359238863
276,0.5793609619140625,0.9981768727302551,-0.06035647541284561,0.02733761817216873,-0.004167589358985424
277,0.6254547834396362,0.9983987212181091,-0.05656854063272476,0.07588847726583481,-0.0041132643818855286
278,0.35929128527641296,0.9986362457275391,-0.05220722407102585,0.08735577017068863,-0.003908415324985981
279,-0.11259827017784119,0.9987167716026306,-0.050643764436244965,0.031310610473155975,-0.0035038553178310394
280,0.1680774837732315,0.9987633228302002,-0.04971796274185181,0.018539410084486008,-0.0026932719629257917
281,0.2382081001996994,0.9988051652908325,-0.04886988550424576,0.016982153058052063,-0.002565029077231884
282,0.24746233224868774,0.9988474249839783,-0.04799845442175865,0.017449088394641876,-0.0024802463594824076
283,0.15670187771320343,0.9988592863082886,-0.047750961035490036,0.004955529700964689,-0.00236062565818429
284,0.1794518083333969,0.9988498687744141,-0.04794773459434509,-0.003939921036362648,-0.0023165482562035322
285,0.0918366089463234,0.9987863898277283,-0.049252450466156006,-0.0261252298951149,-0.0023107354063540697
286,0.24373728036880493,0.9987202286720276,-0.050575997680425644,-0.026503976434469223,-0.0025554285384714603
287,0.063248410820961,0.9985774755477905,-0.053319722414016724,-0.05494871363043785,-0.0026343620847910643
288,0.36564117670059204,0.9984685778617859,-0.055321380496025085,-0.04009232670068741,-0.0032813206780701876
289,0.890187680721283,0.9986088871955872,-0.05272793397307396,0.0519447885453701,-0.004016755614429712
290,0.21011079847812653,0.9987223148345947,-0.050535090267658234,0.043915458023548126,-0.0030967879574745893
291,0.4115079939365387,0.9988877177238464,-0.047152116894721985,0.06774034351110458,-0.0029181677382439375
292,-0.2435169517993927,0.9988778829574585,-0.04735944792628288,-0.0041512902826070786,-0.0027431477792561054
293,0.029779553413391113,0.9987930059432983,-0.04911759868264198,-0.03520394489169121,-0.0022472066339105368
294,0.3200500011444092,0.9987332820892334,-0.05031784251332283,-0.024034641683101654,-0.002640844788402319
295,0.8864105343818665,0.9989060163497925,-0.0467626117169857,0.0711885541677475,-0.003377515124157071
296,0.016254153102636337,0.9989942908287048,-0.044836901128292084,0.03855471685528755,-0.0026953830383718014
297,0.3479599356651306,0.9991183280944824,-0.04198354110121727,0.05712103471159935,-0.00228141900151968
298,-0.007935289293527603,0.999168872833252,-0.040762435644865036,0.02444308251142502,-0.002089998684823513
299,-0.1005244255065918,0.999125063419342,-0.04182190075516701,-0.021207407116889954,-0.001732348813675344
300,0.28274810314178467,0.9991037249565125,-0.04232953116297722,-0.01016161683946848,-0.0018750139279291034
301,0.7340000867843628,0.9992422461509705,-0.038922786712646484,0.06819124519824982,-0.002341942396014929
302,-0.08866363763809204,0.9992914199829102,-0.037638746201992035,0.025699613615870476,-0.0019886146765202284
303,0.11613153666257858,0.9993191361427307,-0.036894749850034714,0.014890283346176147,-0.0014968783361837268
304,0.016093872487545013,0.9992998838424683,-0.037412725389003754,-0.010366697795689106,-0.0013842717744410038
305,-0.5358721613883972,0.9990600347518921,-0.04334822669625282,-0.11880706995725632,-0.00169827148783952
306,0.5912187099456787,0.9989193677902222,-0.04647683724761009,-0.06263542920351028,-0.003641298273578286
307,0.4785309135913849,0.9988588094711304,-0.04776107892394066,-0.025713421404361725,-0.0027829650789499283
308,0.6940181255340576,0.998958170413971,-0.045634977519512177,0.04256848990917206,-0.002830636454746127
309,0.030222706496715546,0.9989873766899109,-0.04499185457825661,0.012875661253929138,-0.0022661194670945406
310,0.0006603896617889404,0.998940110206604,-0.046029239892959595,-0.02076917141675949,-0.002042213222011924
311,0.5689129829406738,0.9990081191062927,-0.04452848806977272,0.030045846477150917,-0.0024869865737855434
312,-0.20553267002105713,0.9989305734634399,-0.04623574763536453,-0.0341804176568985,-0.0021166170481592417
313,0.02244335412979126,0.9987738132476807,-0.049506526440382004,-0.06549072265625,-0.0022566032130271196
314,0.3187192678451538,0.998634397983551,-0.052243612706661224,-0.054812733083963394,-0.002983386628329754
315,0.2513892948627472,0.9984833598136902,-0.05505391210317612,-0.056287046521902084,-0.0030955220572650433
316,0.4135420322418213,0.9983839392662048,-0.056828439235687256,-0.03554617613554001,-0.0035218405537307262
317,0.37095314264297485,0.9983193278312683,-0.05795281007885933,-0.022524533793330193,-0.0034969132393598557
318,0.15514150261878967,0.9981932640075684,-0.060084979981184006,-0.042717915028333664,-0.0034370990470051765
319,0.6165915727615356,0.9982073903083801,-0.059850048273801804,0.0047070859000086784,-0.004177224822342396
320,-0.01689833402633667,0.9980772733688354,-0.061981841921806335,-0.042715203016996384,-0.003588814754039049
321,0.6003425717353821,0.9980798959732056,-0.061939433217048645,0.0008498018141835928,-0.004389548674225807
322,0.6445276737213135,0.9982348084449768,-0.059390418231487274,0.051074378192424774,-0.004256898071616888
323,0.29170888662338257,0.9983810186386108,-0.05688027665019035,0.050287894904613495,-0.003877330105751753
324,0.007635876536369324,0.9984058737754822,-0.05644233152270317,0.008773067966103554,-0.003491806797683239
325,-0.07130789756774902,0.9982784986495972,-0.058651406317949295,-0.04425486549735069,-0.0032019068021327257
326,0.1200374960899353,0.9980663657188416,-0.062156882137060165,-0.07023779302835464,-0.003654197324067354
327,0.4514503479003906,0.9979106783866882,-0.06460883468389511,-0.0491379015147686,-0.004565605893731117
328,0.3727636933326721,0.9977738261222839,-0.06668833643198013,-0.041679974645376205,-0.004560528788715601
329,0.3783189356327057,0.9976558089256287,-0.06843176484107971,-0.03494838997721672,-0.004770790226757526
330,0.3826840817928314,0.9975559711456299,-0.06987179070711136,-0.028869599103927612,-0.004958820529282093
331,0.2849162220954895,0.9974194765090942,-0.07179374992847443,-0.038536008447408676,-0.005054555367678404
332,0.5871680974960327,0.9974040389060974,-0.07200849801301956,-0.0043061054311692715,-0.005656491499394178
333,0.6542347073554993,0.9975454211235046,-0.07002238929271698,0.03982272744178772,-0.005624087993055582
334,0.08337974548339844,0.9975447654724121,-0.07003171741962433,-0.00018710170115809888,-0.005076706409454346
335,0.5765767097473145,0.9976615905761719,-0.06834698468446732,0.03377561271190643,-0.005244925152510405
336,0.38492274284362793,0.9977971315383911,-0.06633886694908142,0.040253784507513046,-0.004940847400575876
337,0.18622906506061554,0.9978578686714172,-0.06541916728019714,0.01843399368226528,-0.004604034125804901
338,0.7902599573135376,0.9981358051300049,-0.06103253737092018,0.08790861070156097,-0.004944278858602047
339,0.3035767078399658,0.998393714427948,-0.0566566027700901,0.0876707136631012,-0.004594556055963039
340,-0.23557427525520325,0.9984214901924133,-0.05616527795791626,0.009842121973633766,-0.004037521779537201
341,0.29464977979660034,0.998454749584198,-0.05557042732834816,0.011915630660951138,-0.0032543663401156664
342,0.8447171449661255,0.998712420463562,-0.05073001608252525,0.0969453826546669,-0.003819001605734229
343,0.25741153955459595,0.9989478588104248,-0.045860227197408676,0.09750960022211075,-0.003581846598535776
344,0.4015441834926605,0.9992117285728455,-0.039698582142591476,0.12334606051445007,-0.0032166866585612297
345,-0.3326789140701294,0.9992960095405579,-0.03751669451594353,0.04367028549313545,-0.0032089061569422483
346,0.07009439170360565,0.999343991279602,-0.03621523454785347,0.02604692056775093,-0.001603785902261734
347,0.15057224035263062,0.9993823170661926,-0.03514235094189644,0.021471330896019936,-0.0014026332646608353
348,-0.2922845482826233,0.9992937445640564,-0.03757714480161667,-0.04872811585664749,-0.0013670256594195962
349,0.10808704793453217,0.9991750717163086,-0.04060972109436989,-0.06069791689515114,-0.0016618327936157584
350,0.05805651843547821,0.9989991784095764,-0.04472830146551132,-0.08244673162698746,-0.0020218510180711746
351,0.11625254154205322,0.9987666606903076,-0.04965055733919144,-0.0985550731420517,-0.0026952174957841635
352,0.11042675375938416,0.99845290184021,-0.055603738874197006,-0.11922898143529892,-0.003450710792094469
353,0.2502778172492981,0.9980908632278442,-0.061762601137161255,-0.12339010834693909,-0.0045791612938046455
354,0.23507454991340637,0.9976531267166138,-0.06847086548805237,-0.13445088267326355,-0.005397251341491938
355,0.5191640853881836,0.9972690939903259,-0.07385364919900894,-0.10792941600084305,-0.006772839464247227
356,0.552741527557373,0.9969640970230103,-0.07786247879266739,-0.08040842413902283,-0.006934706121683121
357,1.031027913093567,0.9970254898071289,-0.07707241922616959,0.015848902985453606,-0.007784427609294653
358,0.880977213382721,0.9973629117012024,-0.07257550209760666,0.09019117057323456,-0.006753196474164724
359,0.5232667326927185,0.9977612495422363,-0.06687694042921066,0.11424955725669861,-0.006363730411976576
360,0.6654630303382874,0.9982758164405823,-0.05869756639003754,0.16391129791736603,-0.006227345671504736
361,-0.045633748173713684,0.9985916018486023,-0.05305425077676773,0.11304306983947754,-0.006138142663985491
362,0.18949437141418457,0.9988484382629395,-0.04797691851854324,0.10167653858661652,-0.0041311802342534065
363,-0.3359551429748535,0.9988848567008972,-0.04721275717020035,0.015300574712455273,-0.003450230695307255
364,-0.10511720180511475,0.9987985491752625,-0.049004510045051575,-0.035876575857400894,-0.002265163231641054
365,0.39127612113952637,0.998764157295227,-0.04970058798789978,-0.0139385387301445,-0.0026851766742765903
366,0.24910292029380798,0.9987295269966125,-0.05039214715361595,-0.013848541304469109,-0.0025536655448377132
367,0.13165992498397827,0.9986478686332703,-0.05198473855853081,-0.031893663108348846,-0.0025780333671718836
368,0.4379376173019409,0.9986343383789062,-0.05224396660923958,-0.005191574338823557,-0.002998360898345709
369,-0.1866767406463623,0.9984387755393982,-0.055857475847005844,-0.0723760575056076,-0.0027694622986018658
370,0.2875792980194092,0.9982337951660156,-0.05940817669034004,-0.07113227248191833,-0.0037298391107469797
371,0.4975893497467041,0.998109757900238,-0.06145692616701126,-0.04105000197887421,-0.004287066403776407
372,0.42750099301338196,0.9980383515357971,-0.06260558217763901,-0.02301754616200924,-0.004132985603064299
373,0.6263992786407471,0.9981127381324768,-0.06140848621726036,0.023988157510757446,-0.0043699475936591625
374,0.3024374544620514,0.99818354845047,-0.06024577096104622,0.02329741045832634,-0.003924763295799494
375,0.6389188766479492,0.9983994960784912,-0.05655454099178314,0.07395091652870178,-0.0040964470244944096
376,0.5199469327926636,0.9986942410469055,-0.05108613148331642,0.10952705144882202,-0.004019050393253565
377,-0.04621274024248123,0.9988532662391663,-0.04787604138255119,0.06428053975105286,-0.0038138192612677813
378,0.6053156852722168,0.999120831489563,-0.04192351549863815,0.11917085945606232,-0.0030734746251255274
379,-0.20840981602668762,0.999235212802887,-0.039102498441934586,0.05646675080060959,-0.003222215920686722
380,0.27380046248435974,0.9993627667427063,-0.035694390535354614,0.0682099461555481,-0.0019236013758927584
381,-0.25489380955696106,0.9993684887886047,-0.03553423658013344,0.0032050833106040955,-0.0018048613565042615
382,-0.11321595311164856,0.9992945790290833,-0.037554286420345306,-0.04042798653244972,-0.0012770588509738445
383,-0.18277215957641602,0.999102771282196,-0.042350925505161285,-0.0960095226764679,-0.0016078357584774494
384,0.027298495173454285,0.9988217949867249,-0.04852842539548874,-0.12367794662714005,-0.0027172022964805365
385,0.365556001663208,0.9985526204109192,-0.05378356948494911,-0.10524085909128189,-0.004020113497972488
386,0.3644367456436157,0.9982978105545044,-0.05832207202911377,-0.09091302752494812,-0.0041358438320457935
387,0.1930726170539856,0.9979756474494934,-0.06359691917896271,-0.10569369047880173,-0.004269122611731291
388,0.6543971300125122,0.9977962374687195,-0.06635267287492752,-0.05523180961608887,-0.005595384165644646
389,0.7830966711044312,0.9978374242782593,-0.06573062390089035,0.012468184344470501,-0.005327449645847082
390,0.47868508100509644,0.9979507923126221,-0.0639856606721878,0.03497297689318657,-0.004571436904370785
391,0.15100978314876556,0.9979815483093262,-0.06350488215684891,0.009635197930037975,-0.004244879353791475
392,0.46890461444854736,0.9980829358100891,-0.06189095228910446,0.032342229038476944,-0.004267458338290453
393,0.008282572031021118,0.9980430006980896,-0.06253138929605484,-0.012833597138524055,-0.003940061200410128
394,0.4629945158958435,0.9980732798576355,-0.06204647943377495,0.00971703976392746,-0.004146115854382515
395,0.09241598844528198,0.9980013966560364,-0.06319199502468109,-0.02295542135834694,-0.0038726988714188337
396,0.48846670985221863,0.9980106353759766,-0.06304626166820526,0.002920586382970214,-0.004289850126951933
397,0.1960860639810562,0.9979631900787354,-0.06379231810569763,-0.014951198361814022,-0.004019411280751228
398,0.24539925158023834,0.9978794455528259,-0.06508889049291611,-0.02598554641008377,-0.004157565999776125
399,0.37524664402008057,0.9978187680244446,-0.0660126581788063,-0.018515218049287796,-0.004450894892215729
400,0.6241317987442017,-0.29646968841552734,0.9550422430038452,0.7725452780723572,-0.004787837620824575
401,-2.0,-0.3526816666126251,0.9357433319091797,1.1888269186019897,-3.567281723022461
402,-2.0,-0.42590969800949097,0.9047656655311584,1.5906344652175903,-3.8749868869781494
403,-2.0,-0.5127866268157959,0.8585160970687866,1.9692087173461914,-4.3001813888549805
404,-2.0,-0.6084312200546265,0.7936065793037415,2.313095808029175,-4.840603828430176
405,-2.0,-0.7064695358276367,0.7077434659004211,2.6083006858825684,-5.489126205444336
406,-2.0,-0.7994942665100098,0.6006737351417542,2.8391082286834717,-6.23173189163208
407,-2.0,-0.8800338506698608,0.4749109745025635,2.9896135330200195,-7.046306610107422
408,-2.0,-0.941893458366394,0.33591172099113464,3.0457968711853027,-7.902957439422607
409,-2.0,-0.981493353843689,0.1914963573217392,2.9977307319641113,-8.766199111938477
410,-2.0,-0.9987191557884216,0.05059722810983658,2.841352939605713,-9.598686218261719
411,-2.0,-0.9969325065612793,-0.07826606929302216,2.579300880432129,-10.365447998046875
412,-2.0,-0.9821218252182007,-0.18824633955955505,2.2206013202667236,-10.05275821685791
413,-2.0,-0.9615108966827393,-0.274766743183136,1.7794164419174194,-9.212688446044922
414,-2.0,-0.9420810341835022,-0.335385262966156,1.273341417312622,-8.518807411193848
415,-2.0,-0.9293661117553711,-0.3691593110561371,0.7218024730682373,-8.003779411315918
416,-2.0,-0.9266665577888489,-0.37588435411453247,0.14493300020694733,-7.692967891693115
417,-2.0,-0.9346574544906616,-0.35554951429367065,-0.436980277299881,-7.602969169616699
418,-2.0,-0.9513155817985535,-0.30821850895881653,-1.0036424398422241,-7.7408833503723145
419,-2.0,-0.9721453785896301,-0.23437876999378204,-1.534806251525879,-8.103857040405273
420,-2.0,-0.9907594919204712,-0.13563065230846405,-2.0105903148651123,-8.678664207458496
421,-2.0,-0.9998809099197388,-0.015433689579367638,-2.412313222885132,-9.441534042358398
422,-2.0,-0.9927173256874084,0.12046683579683304,-2.723888635635376,-10.35879135131836
423,-2.0,-0.9644513726234436,0.264260470867157,-2.9335384368896484,-9.871386528015137
424,-2.0,-0.9134131669998169,0.40703368186950684,-3.0353431701660156,-9.125335693359375
425,-2.0,-0.8415189385414124,0.5402276515960693,-3.0300679206848145,-8.336730003356934
426,-2.0,-0.7538117170333862,0.657090425491333,-2.9248971939086914,-7.531580924987793
427,-2.0,-0.6573070883750916,0.753622829914093,-2.732079267501831,-6.738382339477539
428,-2.0,-0.5595948100090027,0.8287663459777832,-2.466862201690674,-5.985535621643066
429,-2.0,-0.467651903629303,0.8839127421379089,-2.14528751373291,-5.298437118530273
430,-2.0,-0.3871281147003174,0.9220259189605713,-1.7823528051376343,-4.697238922119141
431,-2.0,-0.3221248388290405,0.9466971755027771,-1.3908333778381348,-4.195926666259766
432,-2.0,-0.2753296494483948,0.9613499045372009,-0.9808105230331421,-3.802767038345337
433,-2.0,-0.24831722676753998,0.9686787724494934,-0.5597981214523315,-3.521696090698242
434,-2.0,-0.24185605347156525,0.9703121185302734,-0.13328902423381805,-3.3540704250335693
435,-2.0,-0.25611451268196106,0.9666464328765869,0.29444506764411926,-3.300272226333618
436,-2.0,-0.29071304202079773,0.9568102955818176,0.7194299101829529,-3.360826253890991
437,-2.0,-0.3446105122566223,0.9387457370758057,1.1370376348495483,-3.5368492603302
438,-2.0,-0.41585132479667664,0.909432590007782,1.5410969257354736,-3.829753875732422
439,-2.0,-0.5012452602386475,0.8653052449226379,1.9231714010238647,-4.240198135375977
440,-2.0,-0.5961079001426697,0.8029043674468994,2.2721502780914307,-4.7663774490356445
441,-2.0,-0.6942384243011475,0.7197450995445251,2.574328660964966,-5.401896953582764
442,-2.0,-0.788316547870636,0.6152698397636414,2.8141374588012695,-6.133697509765625
443,-2.0,-0.8708100318908691,0.49161967635154724,2.9755897521972656,-6.9407057762146
444,-2.0,-0.9352847337722778,0.3538960814476013,3.044304609298706,-7.793926239013672
445,-2.0,-0.9777701497077942,0.209679514169693,3.0097265243530273,-8.658395767211914
446,-2.0,-0.997695803642273,0.06784570217132568,2.8669862747192383,-9.496769905090332
447,-2.0,-0.9980164170265198,-0.06295400857925415,2.617870569229126,-10.273560523986816
448,-2.0,-0.9844592809677124,-0.17561300098896027,2.2706551551818848,-10.167083740234375
449,-2.0,-0.96417635679245,-0.26526203751564026,1.8389452695846558,-9.311193466186523
450,-2.0,-0.9442538619041443,-0.329218327999115,1.339998722076416,-8.596973419189453
451,-2.0,-0.9304600358009338,-0.3663933575153351,0.7930850386619568,-8.057852745056152
452,-2.0,-0.9264057278633118,-0.3765268623828888,0.21829000115394592,-7.72021484375
453,-2.0,-0.9331066012382507,-0.3595999479293823,-0.36410513520240784,-7.601811408996582
454,-2.0,-0.9488734006881714,-0.3156569004058838,-0.9338051080703735,-7.710966110229492
455,-2.0,-0.9694981575012207,-0.24509868025779724,-1.4705477952957153,-8.046102523803711
456,-2.0,-0.9887855648994446,-0.1493421047925949,-1.9543718099594116,-8.595320701599121
457,-2.0,-0.9995012879371643,-0.03157871589064598,-2.3663783073425293,-9.336164474487305
458,-2.0,-0.9947084784507751,0.10273756086826324,-2.6900622844696045,-10.236128807067871
459,-2.0,-0.969265341758728,0.24601778388023376,-2.9130091667175293,-9.961179733276367
460,-2.0,-0.9210631847381592,0.38941317796707153,-3.0284957885742188,-9.22214412689209
461,-2.0,-0.8515738248825073,0.5242347121238708,-3.036436080932617,-8.437540054321289
462,-2.0,-0.7654994130134583,0.6434366106987,-2.9432599544525146,-7.632936477661133
463,-2.0,-0.6696838736534119,0.742646336555481,-2.7606825828552246,-6.836638450622559
464,-2.0,-0.5717178583145142,0.8204503059387207,-2.503697633743286,-6.07722282409668
465,-2.0,-0.47870585322380066,0.877975344657898,-2.1883599758148193,-5.380610466003418
466,-2.0,-0.39648622274398804,0.9180406928062439,-1.829878568649292,-4.767694473266602
467,-2.0,-0.3293534815311432,0.944206714630127,-1.4413479566574097,-4.253238677978516
468,-2.0,-0.2801584303379059,0.959953784942627,-1.0331929922103882,-3.8461670875549316
469,-2.0,-0.25059783458709717,0.9680912494659424,-0.6132276654243469,-3.5508666038513184
470,-2.0,-0.24152764678001404,0.97039395570755,-0.1871591955423355,-3.368924140930176
471,-2.0,-0.2531854808330536,0.9674177765846252,0.24063625931739807,-3.3007700443267822
472,-2.0,-0.2852637469768524,0.9584490656852722,0.6661995649337769,-3.3468716144561768
473,-2.0,-0.33681613206863403,0.9415704607963562,1.0850363969802856,-3.5082719326019287
474,-2.0,-0.4060194790363312,0.9138644337654114,1.4912141561508179,-3.786388635635376
475,-2.0,-0.48985615372657776,0.8718032836914062,1.8766125440597534,-4.1820573806762695
476,-2.0,-0.5838379263877869,0.8118702173233032,2.2304649353027344,-4.693894386291504
477,-2.0,-0.6819433569908142,0.7314050197601318,2.53936767578125,-5.3162055015563965
478,-2.0,-0.7769536972045898,0.6295577883720398,2.78792142868042,-6.036867141723633
479,-2.0,-0.861297070980072,0.508101761341095,2.960089683532715,-6.835845947265625
480,-2.0,-0.9283226132392883,0.37177571654319763,3.041166067123413,-7.6850762367248535
481,-2.0,-0.9736843705177307,0.22790080308914185,3.0199978351593018,-8.550176620483398
482,-2.0,-0.9963577389717102,0.08527136594057083,2.890923500061035,-9.393869400024414
483,-2.0,-0.9988783001899719,-0.04735109210014343,2.654876947402954,-10.18021011352539
484,-2.0,-0.9866901636123657,-0.1626116782426834,2.319363594055176,-10.283058166503906
485,-2.0,-0.9668493270874023,-0.2553476095199585,1.8974047899246216,-9.411952018737793
486,-2.0,-0.9465267062187195,-0.32262542843818665,1.405894160270691,-8.677926063537598
487,-2.0,-0.9317119121551514,-0.3631981909275055,0.863925039768219,-8.115133285522461
488,-2.0,-0.9263190031051636,-0.376740038394928,0.2915264070034027,-7.750951766967773
489,-2.0,-0.9317028522491455,-0.3632213771343231,-0.29102861881256104,-7.604276657104492
490,-2.0,-0.946510910987854,-0.3226717412471771,-0.8634446263313293,-7.684647083282471
491,-2.0,-0.9668311476707458,-0.2554164528846741,-1.4054484367370605,-7.991757869720459
492,-2.0,-0.9866753816604614,-0.16270136833190918,-1.8970108032226562,-8.515029907226562
493,-2.0,-0.998873233795166,-0.047458212822675705,-2.3190367221832275,-9.233330726623535
494,-2.0,-0.9963679313659668,0.08515223860740662,-2.654630422592163,-10.115350723266602
495,-2.0,-0.9737133979797363,0.22777673602104187,-2.8907663822174072,-10.04990291595459
496,-2.0,-0.9283711314201355,0.3716544508934021,-3.0199337005615234,-9.318225860595703
497,-2.0,-0.8613627552986145,0.5079904198646545,-3.0411930084228516,-8.538028717041016
498,-2.0,-0.7770316004753113,0.6294615864753723,-2.960200071334839,-7.7344231605529785
499,-2.0,-0.6820272207260132,0.7313268184661865,-2.7881038188934326,-6.935482978820801
500,-2.0,-0.5839211940765381,0.811810314655304,-2.5396087169647217,-6.169912815093994
501,-2.0,-0.4899331033229828,0.8717600107192993,-2.2307510375976562,-5.4641194343566895
502,-2.0,-0.4060855805873871,0.9138350486755371,-1.876931071281433,-4.839719772338867
503,-2.0,-0.3368682265281677,0.9415518045425415,-1.4915547370910645,-4.312260150909424
504,-2.0,-0.28529977798461914,0.9584383368492126,-1.0853909254074097,-3.891343593597412
505,-2.0,-0.2532043159008026,0.9674128293991089,-0.6665621399879456,-3.5818369388580322
506,-2.0,-0.24152876436710358,0.9703936576843262,-0.24100251495838165,-3.385582685470581
507,-2.0,-0.2505812346935272,0.968095600605011,0.18679273128509521,-3.303079605102539
508,-2.0,-0.2801245152950287,0.9599636793136597,0.6128644347190857,-3.3347456455230713
509,-2.0,-0.3293033242225647,0.9442241787910461,1.032837152481079,-3.4815471172332764
510,-2.0,-0.39642173051834106,0.918068528175354,1.4410053491592407,-3.744891405105591
511,-2.0,-0.47863003611564636,0.8780166506767273,1.8295567035675049,-4.125764846801758
512,-2.0,-0.5716350674629211,0.8205080032348633,2.1880691051483154,-4.623172760009766
513,-2.0,-0.669599711894989,0.7427221536636353,2.5034501552581787,-5.232085227966309
514,-2.0,-0.7654203772544861,0.6435306072235107,2.7604918479919434,-5.941289901733398
515,-2.0,-0.8515062928199768,0.5243443846702576,2.9431397914886475,-6.731791973114014
516,-2.0,-0.921012282371521,0.3895335793495178,3.03639817237854,-7.57648229598999
517,-2.0,-0.9692338109016418,0.2461419254541397,3.028548240661621,-8.44161605834961
518,-2.0,-0.9946960806846619,0.10285772383213043,2.9131546020507812,-9.290051460266113
519,-2.0,-0.9995046854019165,-0.03146974369883537,2.690298080444336,-10.08544921875
520,-2.0,-0.988799512386322,-0.14924998581409454,2.3666956424713135,-10.400602340698242
521,-2.0,-0.9695162177085876,-0.245027095079422,1.9547581672668457,-9.51488971710205
522,-2.0,-0.9488897323608398,-0.3156076967716217,1.4709879159927368,-8.761604309082031
523,-2.0,-0.933116614818573,-0.3595738112926483,0.9342820644378662,-8.175576210021973
524,-2.0,-0.9264069199562073,-0.3765239417552948,0.364601731300354,-7.785152435302734
525,-2.0,-0.9304520487785339,-0.3664136528968811,-0.21779122948646545,-7.610357284545898
526,-2.0,-0.9442387223243713,-0.3292617201805115,-0.792601466178894,-7.6619391441345215
527,-2.0,-0.9641581773757935,-0.2653280794620514,-1.3395477533340454,-7.940856456756592
528,-2.0,-0.984443724155426,-0.17570021748542786,-1.8385437726974487,-8.437846183776855
529,-2.0,-0.9980098009109497,-0.06305918842554092,-2.2703189849853516,-9.133105278015137
530,-2.0,-0.9977038502693176,0.06772772967815399,-2.6176133155822754,-9.996545791625977
531,-2.0,-0.977796733379364,0.20955564081668854,-2.8668174743652344,-10.137516975402832
532,-2.0,-0.9353309273719788,0.3537740409374237,-3.009650945663452,-9.413531303405762
533,-2.0,-0.870873749256134,0.4915067255496979,-3.0443203449249268,-8.638141632080078
534,-2.0,-0.7883932590484619,0.6151715517044067,-2.9756903648376465,-7.835982799530029
535,-2.0,-0.694321870803833,0.7196645736694336,-2.8143115043640137,-7.034860134124756
536,-2.0,-0.5961915850639343,0.8028421998023987,-2.5745630264282227,-6.2635579109191895
537,-2.0,-0.5013232827186584,0.8652600646018982,-2.2724313735961914,-5.548928260803223
538,-2.0,-0.4159190058708191,0.9094016551971436,-1.9234864711761475,-4.913290977478027
539,-2.0,-0.3446645140647888,0.9387259483337402,-1.5414352416992188,-4.3729777336120605
540,-2.0,-0.290751188993454,0.9567986726760864,-1.1373907327651978,-3.9382917881011963
541,-2.0,-0.2561355531215668,0.9666408896446228,-0.7197917103767395,-3.6146059036254883
542,-2.0,-0.24185940623283386,0.9703112840652466,-0.29481106996536255,-3.404046058654785
543,-2.0,-0.24830283224582672,0.9686824679374695,0.13292241096496582,-3.307199478149414
544,-2.0,-0.2752978801727295,0.9613589644432068,0.5594342350959778,-3.3244457244873047
545,-2.0,-0.3220766484737396,0.9467135667800903,0.9804534912109375,-3.4566714763641357
546,-2.0,-0.38706526160240173,0.9220523238182068,1.3904887437820435,-3.705260992050171
547,-2.0,-0.4675773084163666,0.8839522004127502,1.7820279598236084,-4.07132625579834
548,-2.0,-0.5595126152038574,0.8288218379020691,2.1449921131134033,-4.55422830581665
549,-2.0,-0.6572228074073792,0.7536963224411011,2.4666085243225098,-5.149566173553467
550,-2.0,-0.7537317276000977,0.6571822166442871,2.7318806648254395,-5.8470139503479
551,-2.0,-0.8414496183395386,0.5403355956077576,2.924767255783081,-6.628606796264648
552,-2.0,-0.9133599400520325,0.40715306997299194,3.0300190448760986,-7.468216896057129
553,-2.0,-0.9644173383712769,0.26438456773757935,3.035383939743042,-8.332788467407227
554,-2.0,-0.9927026629447937,0.12058792263269424,2.9336721897125244,-9.185386657714844
555,-2.0,-0.9998825788497925,-0.015322959050536156,2.7241132259368896,-9.989336013793945
556,-2.0,-0.9907724261283875,-0.13553617894649506,2.412621021270752,-10.519638061523438
557,-2.0,-0.9721632599830627,-0.23430445790290833,2.0109689235687256,-9.61993408203125
558,-2.0,-0.9513324499130249,-0.3081664443016052,1.5352405309677124,-8.847945213317871
559,-2.0,-0.9346684813499451,-0.35552048683166504,1.0041157007217407,-8.23913288116455
560,-2.0,-0.9266689419746399,-0.3758785128593445,0.437475323677063,-7.822785377502441
561,-2.0,-0.9293592572212219,-0.3691766560077667,-0.14443355798721313,-7.620041847229004
562,-2.0,-0.9420666098594666,-0.3354257643222809,-0.7213160395622253,-7.642850875854492
563,-2.0,-0.9614928364753723,-0.2748299837112427,-1.2728854417800903,-7.893428802490234
564,-2.0,-0.9821056127548218,-0.1883310228586197,-1.779007911682129,-8.363821983337402
565,-2.0,-0.9969244003295898,-0.07836923748254776,-2.2202560901641846,-9.03555965423584
566,-2.0,-0.9987250566482544,0.05048051103949547,-2.579033136367798,-9.879798889160156
567,-2.0,-0.9815174341201782,0.1913727968931198,-2.841172695159912,-10.223982810974121
568,-2.0,-0.9419372081756592,0.3357890248298645,-2.997642993927002,-9.508016586303711
569,-2.0,-0.8800956010818481,0.4747965335845947,-3.0458014011383057,-8.737826347351074
570,-2.0,-0.7995696663856506,0.6005733609199524,-2.989703893661499,-7.937557697296143
571,-2.0,-0.7065525054931641,0.7076606154441833,-2.8392739295959473,-7.134713172912598
572,-2.0,-0.6085152626037598,0.793542206287384,-2.6085283756256104,-6.358108043670654
573,-2.0,-0.5128656625747681,0.8584688901901245,-2.3133716583251953,-5.634998321533203
574,-2.0,-0.4259788990020752,0.9047331213951111,-1.969520092010498,-4.988382339477539
575,-2.0,-0.35273751616477966,0.935722291469574,-1.5909702777862549,-4.435378074645996
576,-2.0,-0.29650992155075073,0.9550297856330872,-1.1891785860061646,-3.9870052337646484
577,-2.0,-0.25939029455184937,0.9657725691795349,-0.7729062438011169,-3.6491713523864746
578,-2.0,-0.24251945316791534,0.9701465368270874,-0.3485768139362335,-3.424313545227051
579,-2.0,-0.2463512420654297,0.9691806435585022,0.07903310656547546,-3.31312894821167
580,-2.0,-0.2707861363887787,0.9626395106315613,0.505918562412262,-3.3159689903259277
581,-2.0,-0.3151403069496155,0.9490451216697693,0.9278982281684875,-3.4336421489715576
582,-2.0,-0.37795698642730713,0.9258231520652771,1.3396819829940796,-3.6674964427948
583,-2.0,-0.4567078649997711,0.8896167278289795,1.7340494394302368,-4.018746376037598
584,-2.0,-0.5474836230278015,0.8368164300918579,2.101261854171753,-4.487075328826904
585,-2.0,-0.6448277235031128,0.7643279433250427,2.4288742542266846,-5.0686774253845215
586,-2.0,-0.7419028878211975,0.6705073714256287,2.702120304107666,-5.754083156585693
587,-2.0,-0.8311395645141602,0.5560638308525085,2.905000686645508,-6.526351451873779
588,-2.0,-0.9053725600242615,0.42461806535720825,3.0220487117767334,-7.360352993011475
589,-2.0,-0.9592347741127014,0.2826104164123535,3.0405120849609375,-8.223771095275879
590,-2.0,-0.9903701543807983,0.13844475150108337,2.952470064163208,-9.079943656921387
591,-2.0,-0.9999994039535522,0.001075692824088037,2.756303548812866,-9.891925811767578
592,-2.0,-0.9925940036773682,-0.12147904187440872,2.4571104049682617,-10.626567840576172
593,-2.0,-0.9747762680053711,-0.2231842279434204,2.0660009384155273,-9.727008819580078
594,-2.0,-0.9538437724113464,-0.300303190946579,1.598612904548645,-8.936882972717285
595,-2.0,-0.9363610744476318,-0.3510383367538452,1.07338547706604,-8.305754661560059
596,-2.0,-0.9271041750907898,-0.3748037815093994,0.5101066827774048,-7.863819599151611
597,-2.0,-0.9284287691116333,-0.37151038646698,-0.07099615037441254,-7.633316993713379
598,-2.0,-0.9400041699409485,-0.3411630094051361,-0.6496289372444153,-7.627389430999756
599,-2.0,-0.9588482975959778,-0.28391897678375244,-1.2055011987686157,-7.849502086639404
600,-2.0,0.3819647431373596,0.9241768717765808,0.6382675170898438,-8.29300594329834
