,steps
0,13
1,39
2,18
3,10
4,23
5,52
6,37
7,84
8,29
9,65
10,84
11,52
12,45
13,43
14,31
15,30
16,53
17,72
18,40
19,68
20,52
21,46
22,37
23,67
24,34
25,53
26,41
27,36
28,29
29,95
30,80
31,53
32,34
33,52
34,120
35,49
36,64
37,38
38,84
39,87
40,38
41,40
42,82
43,39
44,74
45,49
46,71
47,69
48,51
49,49
50,46
51,123
52,86
53,61
54,55
55,84
56,107
57,72
58,97
59,63
60,81
61,25
62,157
63,105
64,79
65,132
66,99
67,183
68,241
69,244
70,128
71,157
72,141
73,75
74,120
75,101
76,73
77,157
78,146
79,314
80,91
81,125
82,217
83,70
84,225
85,123
86,119
87,72
88,49
89,60
90,66
91,67
92,154
93,136
94,86
95,144
96,122
97,151
98,100
99,138
100,144
101,114
102,159
103,108
104,58
105,122
106,98
107,95
108,83
109,91
110,76
111,67
112,80
113,64
114,93
115,89
116,90
117,84
118,87
119,68
120,100
121,120
122,136
123,72
124,123
125,90
126,68
127,90
128,60
129,141
130,87
131,82
132,96
133,139
134,100
135,110
136,62
137,222
138,178
139,90
140,85
141,110
142,99
143,89
144,166
145,134
146,69
147,63
148,123
149,87
150,130
151,151
152,317
153,115
154,126
155,155
156,87
157,124
158,36
159,224
160,129
161,168
162,72
163,66
164,149
165,108
166,79
167,181
168,115
169,105
170,69
171,181
172,94
173,192
174,229
175,219
176,83
177,172
178,123
179,151
180,249
181,277
182,105
183,139
184,310
185,138
186,142
187,160
188,82
189,192
190,500
191,360
192,240
193,186
194,500
195,188
196,268
197,150
198,439
199,238
200,129
201,130
202,246
203,300
204,151
205,409
206,186
207,203
208,136
209,180
210,196
211,267
212,196
213,387
214,183
215,305
216,375
217,262
218,313
219,236
220,282
221,289
222,152
223,233
224,260
225,100
226,128
227,222
228,246
229,215
230,159
231,48
232,131
233,88
234,83
235,198
236,180
237,351
238,202
239,188
240,163
241,225
242,184
243,171
244,161
245,135
246,141
247,127
248,78
249,53
250,148
251,158
252,122
253,144
254,108
255,91
256,136
257,146
258,159
259,214
260,250
261,211
262,190
263,160
264,177
265,131
266,135
267,176
268,146
269,130
270,48
271,188
272,363
273,80
274,115
275,179
276,111
277,40
278,153
279,165
280,356
281,252
282,159
283,184
284,118
285,124
286,317
287,189
288,198
289,263
290,302
291,153
292,297
293,170
294,453
295,283
296,188
297,193
298,148
299,275
300,177
301,164
302,124
303,160
304,102
305,158
306,119
307,28
308,47
309,79
310,82
311,69
312,25
313,178
314,212
315,97
316,136
317,140
318,180
319,179
320,191
321,207
322,155
323,211
324,159
325,116
326,140
327,132
328,139
329,159
330,138
331,158
332,249
333,130
334,131
335,131
336,127
337,114
338,59
339,191
340,90
341,173
342,68
343,123
344,93
345,104
346,139
347,63
348,70
349,60
350,105
351,58
352,143
353,65
354,436
355,361
356,236
357,105
358,256
359,207
360,301
361,164
362,211
363,123
364,99
365,82
366,72
367,123
368,161
369,152
370,386
371,292
372,500
373,290
374,500
375,311
376,200
377,145
378,60
379,58
380,424
381,50
382,220
383,217
384,125
385,66
386,82
387,158
388,54
389,181
390,206
391,147
392,92
393,61
394,67
395,69
396,60
397,83
398,110
399,96
400,54
401,105
402,63
403,130
404,131
405,125
406,179
407,206
408,65
409,95
410,184
411,229
412,235
413,203
414,113
415,136
416,205
417,57
418,71
419,241
420,103
421,169
422,287
423,431
424,172
425,29
426,141
427,260
428,77
429,165
430,111
431,459
432,367
433,500
434,98
435,279
436,96
437,147
438,233
439,326
440,87
441,361
442,360
443,255
444,245
445,180
446,353
447,500
448,324
449,262
450,211
451,500
452,190
453,31
454,185
455,85
456,489
457,267
458,177
459,334
460,280
461,229
462,417
463,312
464,113
465,420
466,20
467,138
468,160
469,112
470,98
471,158
472,81
473,20
474,160
475,222
476,154
477,106
478,226
479,244
480,211
481,130
482,169
483,142
484,118
485,114
486,29
487,29
488,119
489,131
490,121
491,102
492,48
493,31
494,23
495,56
496,98
497,112
498,15
499,20
500,29
501,31
502,62
503,25
504,46
505,50
506,41
507,36
508,45
509,25
510,22
511,25
512,22
513,22
514,27
515,24
516,39
517,28
518,35
519,55
520,38
521,47
522,41
523,43
524,31
525,35
526,44
527,59
528,77
529,62
530,37
531,34
532,45
533,42
534,54
535,48
536,62
537,34
538,56
539,33
540,65
541,92
542,89
543,68
544,61
545,91
546,122
547,126
548,79
549,118
550,48
551,81
552,88
553,113
554,92
555,120
556,80
557,89
558,111
559,159
560,190
561,221
562,226
563,205
564,215
565,256
566,217
567,223
568,229
569,183
570,199
571,184
572,312
573,412
574,300
575,311
576,181
577,233
578,362
579,427
580,500
581,477
582,500
583,351
584,414
585,500
586,500
587,364
588,500
589,325
590,228
591,319
592,168
593,263
594,307
595,311
596,500
597,432
598,219
599,237
600,199
601,500
602,421
603,378
604,316
605,160
606,164
607,253
608,143
609,232
610,118
611,150
612,84
613,147
614,82
615,299
616,81
617,151
618,86
619,114
620,108
621,94
622,157
623,143
624,137
625,128
626,123
627,134
628,142
629,114
630,100
631,117
632,128
633,122
634,136
635,152
636,173
637,165
638,188
639,117
640,123
641,207
642,162
643,134
644,191
645,182
646,245
647,182
648,189
649,239
650,292
651,209
652,272
653,259
654,267
655,254
656,125
657,262
658,234
659,233
660,152
661,187
662,343
663,93
664,185
665,83
666,145
667,60
668,78
669,272
670,168
671,193
672,174
673,100
674,96
675,135
676,105
677,283
678,126
679,130
680,128
681,120
682,112
683,108
684,119
685,117
686,173
687,126
688,232
689,146
690,178
691,110
692,315
693,145
694,195
695,162
696,177
697,268
698,184
699,159
700,127
701,85
702,66
703,123
704,398
705,123
706,305
707,500
708,500
709,153
710,73
711,60
712,289
713,222
714,159
715,315
716,490
717,102
718,240
719,185
720,198
721,192
722,212
723,291
724,144
725,137
726,111
727,261
728,97
729,166
730,180
731,241
732,88
733,84
734,98
735,82
736,176
737,67
738,77
739,98
740,101
741,106
742,73
743,86
744,211
745,109
746,49
747,54
748,120
749,163
750,88
751,137
752,113
753,127
754,60
755,133
756,52
757,59
758,51
759,66
760,61
761,55
762,60
763,77
764,89
765,132
766,184
767,200
768,147
769,104
770,143
771,97
772,185
773,135
774,120
775,103
776,93
777,95
778,150
779,54
780,131
781,127
782,132
783,145
784,132
785,105
786,124
787,367
788,103
789,178
790,70
791,239
792,207
793,245
794,144
795,154
796,258
797,201
798,165
799,100
800,62
801,147
802,214
803,79
804,125
805,86
806,105
807,55
808,154
809,68
810,39
811,72
812,103
813,156
814,71
815,55
816,166
817,57
818,153
819,104
820,87
821,128
822,81
823,229
824,69
825,100
826,104
827,99
828,81
829,84
830,101
831,170
832,243
833,83
834,88
835,94
836,98
837,205
838,226
839,202
840,173
841,85
842,105
843,289
844,261
845,249
846,153
847,240
848,244
849,162
850,115
851,170
852,112
853,155
854,328
855,310
856,262
857,326
858,82
859,213
860,500
861,186
862,82
863,143
864,77
865,164
866,153
867,116
868,90
869,158
870,170
871,161
872,193
873,86
874,117
875,252
876,124
877,103
878,143
879,262
880,126
881,200
882,164
883,205
884,136
885,133
886,165
887,177
888,305
889,260
890,156
891,451
892,348
893,173
894,116
895,243
896,376
897,223
898,197
899,385
900,212
901,425
902,271
903,299
904,500
905,382
906,309
907,262
908,205
909,186
910,125
911,261
912,121
913,175
914,124
915,164
916,140
917,193
918,97
919,79
920,62
921,161
922,200
923,175
924,190
925,114
926,138
927,96
928,206
929,115
930,96
931,154
932,132
933,148
934,132
935,126
936,126
937,283
938,140
939,182
940,131
941,233
942,139
943,102
944,184
945,157
946,298
947,399
948,248
949,155
950,88
951,197
952,158
953,190
954,187
955,241
956,255
957,234
958,196
959,116
960,359
961,165
962,284
963,240
964,237
965,263
966,222
967,237
968,241
969,271
970,330
971,180
972,139
973,82
974,83
975,142
976,95
977,64
978,305
979,65
980,43
981,110
982,106
983,74
984,131
985,180
986,84
987,113
988,155
989,90
990,109
991,260
992,197
993,124
994,89
995,239
996,68
997,53
998,95
999,151
1000,100
1001,53
1002,77
1003,460
1004,302
1005,74
1006,198
1007,342
1008,328
1009,354
1010,202
1011,255
1012,296
1013,179
1014,96
1015,268
1016,500
1017,132
1018,225
1019,329
1020,500
1021,270
1022,446
1023,306
1024,59
1025,273
1026,242
1027,132
1028,210
1029,146
1030,109
1031,134
1032,70
1033,159
1034,181
1035,500
1036,103
1037,185
1038,274
1039,79
1040,135
1041,140
1042,202
1043,148
1044,131
1045,76
1046,152
1047,161
1048,112
1049,226
1050,211
1051,500
1052,251
1053,285
1054,152
1055,180
1056,236
1057,96
1058,265
1059,204
1060,228
1061,265
1062,219
1063,201
1064,481
1065,110
1066,123
1067,155
1068,184
1069,124
1070,159
1071,103
1072,99
1073,117
1074,125
1075,109
1076,64
1077,113
1078,147
1079,118
1080,168
1081,219
1082,94
1083,281
1084,202
1085,135
1086,161
1087,230
1088,107
1089,110
1090,108
1091,89
1092,95
1093,124
1094,246
1095,121
1096,323
1097,183
1098,106
1099,104
1100,244
1101,98
1102,147
1103,312
1104,57
1105,103
1106,164
1107,118
1108,167
1109,150
1110,500
1111,110
1112,94
1113,121
1114,195
1115,147
1116,98
1117,94
1118,144
1119,122
1120,103
1121,93
1122,86
1123,360
1124,158
1125,429
1126,327
1127,283
1128,496
1129,152
1130,224
1131,233
1132,104
1133,97
1134,129
1135,105
1136,127
1137,45
1138,72
1139,134
1140,168
1141,46
1142,53
1143,71
1144,126
1145,20
1146,17
1147,136
1148,58
1149,59
1150,52
1151,57
1152,62
1153,75
1154,71
1155,158
1156,29
1157,76
1158,80
1159,83
1160,82
1161,82
1162,158
1163,156
1164,96
1165,188
1166,162
1167,146
1168,89
1169,146
1170,72
1171,191
1172,159
1173,121
1174,139
1175,133
1176,75
1177,326
1178,146
1179,335
1180,110
1181,75
1182,173
1183,260
1184,198
1185,209
1186,500
1187,155
1188,114
1189,166
1190,155
1191,122
1192,162
1193,206
1194,70
1195,129
1196,177
1197,170
1198,314
1199,196
1200,153
1201,404
1202,123
1203,233
1204,116
1205,157
1206,97
1207,301
1208,86
1209,86
1210,242
1211,106
1212,180
1213,164
1214,262
1215,120
1216,87
1217,186
1218,140
1219,145
1220,121
1221,110
1222,223
1223,58
1224,143
1225,99
1226,330
1227,226
1228,304
1229,123
1230,185
1231,500
1232,297
1233,71
1234,112
1235,132
1236,252
1237,281
1238,202
1239,338
1240,290
1241,301
1242,151
1243,62
1244,44
1245,88
1246,92
1247,73
1248,108
1249,106
1250,71
1251,232
1252,133
1253,140
1254,344
1255,49
1256,46
1257,93
1258,114
1259,125
1260,191
1261,90
1262,66
1263,137
1264,500
1265,500
1266,236
1267,152
1268,181
1269,212
1270,101
1271,114
1272,149
1273,181
1274,223
1275,213
1276,441
1277,376
1278,500
1279,500
1280,500
1281,321
1282,500
1283,114
1284,461
1285,80
1286,114
1287,80
1288,233
1289,178
1290,178
1291,311
1292,259
1293,150
1294,125
1295,379
1296,103
1297,324
1298,124
1299,199
1300,397
1301,136
1302,258
1303,240
1304,476
1305,135
1306,297
1307,302
1308,500
1309,79
1310,222
1311,500
1312,292
1313,19
1314,500
1315,500
1316,500
1317,500
1318,376
1319,500
1320,500
1321,293
1322,121
1323,209
1324,249
1325,500
1326,150
1327,500
1328,335
1329,24
1330,213
1331,161
1332,185
1333,124
1334,61
1335,107
1336,92
1337,80
1338,111
1339,44
1340,108
1341,110
1342,46
1343,60
1344,49
1345,45
1346,57
1347,26
1348,194
1349,93
1350,124
1351,128
1352,134
1353,172
1354,269
1355,132
1356,58
1357,180
1358,430
1359,268
1360,500
1361,500
1362,500
1363,74
1364,500
1365,500
1366,500
1367,70
1368,500
1369,500
1370,500
1371,500
1372,500
1373,168
1374,500
1375,71
1376,108
1377,228
1378,475
1379,171
1380,359
1381,500
1382,209
1383,94
1384,96
1385,37
1386,73
1387,43
1388,52
1389,51
1390,96
1391,179
1392,144
1393,38
1394,71
1395,123
1396,104
1397,136
1398,111
1399,253
1400,245
1401,224
1402,452
1403,500
1404,175
1405,233
1406,132
1407,67
1408,144
1409,255
1410,192
1411,362
1412,456
1413,500
1414,163
1415,132
1416,185
1417,188
1418,500
1419,500
1420,155
1421,187
1422,150
1423,277
1424,384
1425,107
1426,91
1427,179
1428,65
1429,101
1430,127
1431,47
1432,74
1433,35
1434,28
1435,36
1436,158
1437,56
1438,102
1439,205
1440,145
1441,272
1442,194
1443,255
1444,77
1445,37
1446,68
1447,118
1448,178
1449,119
1450,47
1451,97
1452,144
1453,500
1454,112
1455,86
1456,103
1457,97
1458,54
1459,158
1460,208
1461,111
1462,144
1463,116
1464,28
1465,55
1466,25
1467,60
1468,69
1469,100
1470,83
1471,85
1472,44
1473,49
1474,41
1475,54
1476,78
1477,43
1478,70
1479,155
1480,51
1481,216
1482,118
1483,141
1484,254
1485,51
1486,36
1487,63
1488,74
1489,50
1490,136
1491,62
1492,58
1493,174
1494,103
1495,101
1496,94
1497,122
1498,55
1499,40
1500,56
1501,57
1502,70
1503,42
1504,47
1505,105
1506,135
1507,52
1508,84
1509,68
1510,132
1511,58
1512,54
1513,114
1514,178
1515,162
1516,143
1517,82
1518,104
1519,215
1520,54
1521,133
1522,164
1523,315
1524,227
1525,126
1526,249
1527,298
1528,231
1529,257
1530,500
1531,274
1532,211
1533,172
1534,352
1535,419
1536,500
1537,500
1538,429
1539,500
1540,500
1541,500
1542,149
1543,500
1544,500
1545,500
1546,500
1547,500
1548,500
1549,500
1550,500
1551,500
1552,220
1553,500
1554,139
1555,91
1556,337
1557,50
1558,236
1559,165
1560,227
1561,208
1562,399
1563,212
1564,209
1565,171
1566,341
1567,500
1568,207
1569,161
1570,500
1571,500
1572,239
1573,285
1574,500
1575,500
1576,500
1577,500
1578,500
1579,500
1580,500
1581,277
1582,216
1583,302
1584,321
1585,354
1586,287
1587,389
1588,380
1589,343
1590,191
1591,200
1592,215
1593,273
1594,336
1595,163
1596,277
1597,309
1598,299
1599,142
1600,137
1601,403
1602,362
1603,390
1604,397
1605,278
1606,257
1607,349
1608,271
1609,329
1610,163
1611,166
1612,143
1613,147
1614,139
1615,119
1616,111
1617,144
1618,143
1619,143
1620,126
1621,119
1622,141
1623,198
1624,156
1625,151
1626,195
1627,163
1628,120
1629,145
1630,130
1631,109
1632,122
1633,127
1634,109
1635,95
1636,96
1637,119
1638,115
1639,107
1640,113
1641,110
1642,120
1643,98
1644,78
1645,106
1646,73
1647,45
1648,61
1649,33
1650,41
1651,30
1652,60
1653,61
1654,82
1655,49
1656,81
1657,82
1658,137
1659,48
1660,50
1661,72
1662,88
1663,81
1664,106
1665,70
1666,80
1667,89
1668,59
1669,75
1670,100
1671,48
1672,53
1673,61
1674,42
1675,60
1676,58
1677,114
1678,79
1679,70
1680,91
1681,95
1682,93
1683,94
1684,117
1685,105
1686,74
1687,76
1688,84
1689,74
1690,65
1691,54
1692,74
1693,144
1694,166
1695,159
1696,451
1697,145
1698,227
1699,99
1700,152
1701,194
1702,171
1703,209
1704,275
1705,222
1706,133
1707,464
1708,461
1709,283
1710,180
1711,212
1712,237
1713,277
1714,500
1715,320
1716,500
1717,409
1718,172
1719,220
1720,500
1721,500
1722,191
1723,500
1724,393
1725,500
1726,500
1727,500
1728,385
1729,500
1730,500
1731,500
1732,500
1733,500
1734,500
1735,500
1736,500
1737,500
1738,500
1739,500
1740,500
1741,187
1742,500
1743,500
1744,500
1745,500
1746,500
1747,500
1748,500
1749,500
1750,500
1751,314
1752,500
1753,336
1754,500
1755,318
1756,465
1757,324
1758,355
1759,339
1760,283
1761,276
1762,286
1763,500
1764,246
1765,500
1766,500
1767,500
1768,500
1769,270
1770,310
1771,306
1772,304
1773,500
1774,500
1775,500
1776,500
1777,500
1778,332
1779,156
1780,500
1781,500
1782,500
1783,500
1784,500
1785,239
1786,500
1787,323
1788,500
1789,306
1790,500
1791,311
1792,500
1793,378
1794,303
1795,255
1796,174
1797,377
1798,132
1799,180
1800,265
1801,297
1802,153
1803,266
1804,255
1805,477
1806,369
1807,236
1808,237
1809,206
1810,217
1811,168
1812,267
1813,276
1814,267
1815,123
1816,250
1817,115
1818,146
1819,114
1820,237
1821,159
1822,166
1823,109
1824,184
1825,98
1826,128
1827,120
1828,144
1829,114
1830,119
1831,125
1832,125
1833,376
1834,108
1835,138
1836,153
1837,346
1838,181
1839,102
1840,175
1841,194
1842,103
1843,155
1844,85
1845,123
1846,130
1847,117
1848,87
1849,104
1850,106
1851,181
1852,199
1853,183
1854,291
1855,80
1856,53
1857,126
1858,101
1859,68
1860,58
1861,97
1862,101
1863,156
1864,187
1865,79
1866,268
1867,267
1868,491
1869,325
1870,421
1871,204
1872,256
1873,149
1874,89
1875,83
1876,245
1877,160
1878,317
1879,85
1880,94
1881,108
1882,294
1883,197
1884,217
1885,159
1886,79
1887,282
1888,252
1889,109
1890,51
1891,96
1892,315
1893,146
1894,377
1895,198
1896,127
1897,389
1898,342
1899,481
1900,500
1901,500
1902,178
1903,500
1904,500
1905,453
1906,295
1907,393
1908,190
1909,153
1910,192
1911,115
1912,452
1913,271
1914,89
1915,91
1916,80
1917,463
1918,91
1919,500
1920,280
1921,86
1922,131
1923,291
1924,386
1925,500
1926,416
1927,500
1928,500
1929,500
1930,359
1931,500
1932,500
1933,500
1934,500
1935,500
1936,500
1937,159
1938,429
1939,180
1940,476
1941,500
1942,116
1943,438
1944,500
1945,310
1946,500
1947,122
1948,224
1949,183
1950,81
1951,206
1952,230
1953,100
1954,143
1955,131
1956,162
1957,134
1958,176
1959,210
1960,184
1961,134
1962,90
1963,118
1964,181
1965,196
1966,180
1967,259
1968,250
1969,130
1970,409
1971,261
1972,182
1973,155
1974,142
1975,115
1976,187
1977,219
1978,500
1979,172
1980,500
1981,487
1982,392
1983,390
1984,157
1985,296
1986,421
1987,500
1988,500
1989,293
1990,254
1991,408
1992,168
1993,154
1994,395
1995,500
1996,207
1997,191
1998,204
1999,190
2000,500
2001,500
2002,329
2003,500
2004,500
2005,226
2006,500
2007,196
2008,98
2009,121
2010,54
2011,199
2012,234
2013,173
2014,352
2015,132
2016,81
2017,101
2018,179
2019,256
2020,126
2021,222
2022,175
2023,95
2024,364
2025,103
2026,296
2027,270
2028,192
2029,167
2030,135
2031,104
2032,172
2033,120
2034,156
2035,179
2036,168
2037,215
2038,139
2039,114
2040,79
2041,70
2042,198
2043,135
2044,148
2045,254
2046,373
2047,500
2048,500
2049,249
2050,174
2051,446
2052,500
2053,113
2054,294
2055,500
2056,161
2057,211
2058,153
2059,349
2060,303
2061,294
2062,278
2063,500
2064,22
2065,500
2066,500
2067,500
2068,437
2069,237
2070,357
2071,186
2072,179
2073,491
2074,291
2075,384
2076,427
2077,135
2078,213
2079,122
2080,131
2081,120
2082,117
2083,136
2084,491
2085,146
2086,353
2087,137
2088,136
2089,108
2090,252
2091,113
2092,106
2093,322
2094,143
2095,375
2096,217
2097,23
2098,224
2099,253
2100,435
2101,231
2102,199
2103,233
2104,111
2105,284
2106,365
2107,145
2108,217
2109,144
2110,195
2111,234
2112,131
2113,92
2114,117
2115,159
2116,302
2117,116
2118,190
2119,130
2120,324
2121,202
2122,115
2123,500
2124,127
2125,271
2126,367
2127,113
2128,196
2129,167
2130,179
2131,16
2132,120
2133,343
2134,116
2135,135
2136,27
2137,259
2138,250
2139,181
2140,71
2141,122
2142,131
2143,25
2144,353
2145,147
2146,141
2147,61
2148,155
2149,111
2150,31
2151,31
2152,213
2153,276
2154,106
2155,296
2156,293
2157,190
2158,141
2159,157
2160,118
2161,229
2162,145
2163,270
2164,137
2165,163
2166,229
2167,195
2168,173
2169,246
2170,271
2171,500
2172,500
2173,500
2174,500
2175,473
2176,500
2177,500
2178,302
2179,500
2180,500
2181,500
2182,324
2183,239
2184,120
2185,116
2186,278
2187,414
2188,500
2189,209
2190,135
2191,75
2192,86
2193,500
2194,124
2195,59
2196,120
2197,52
2198,63
2199,129
2200,236
2201,128
2202,148
2203,119
2204,155
2205,141
2206,264
2207,180
2208,118
2209,143
2210,375
2211,111
2212,127
2213,203
2214,97
2215,164
2216,253
2217,151
2218,207
2219,166
2220,370
2221,500
2222,500
2223,465
2224,500
2225,315
2226,342
2227,500
2228,500
2229,204
2230,500
2231,119
2232,500
2233,84
2234,102
2235,97
2236,500
2237,112
2238,118
2239,500
2240,171
2241,215
2242,315
2243,144
2244,181
2245,119
2246,96
2247,185
2248,89
2249,113
2250,101
2251,167
2252,182
2253,101
2254,66
2255,57
2256,356
2257,38
2258,138
2259,251
2260,104
2261,61
2262,65
2263,282
2264,220
2265,126
2266,61
2267,48
2268,150
2269,81
2270,58
2271,63
2272,175
2273,317
2274,116
2275,185
2276,143
2277,79
2278,86
2279,175
2280,110
2281,149
2282,168
2283,414
2284,239
2285,58
2286,279
2287,161
2288,371
2289,500
2290,500
2291,437
2292,431
2293,500
2294,67
2295,49
2296,75
2297,106
2298,52
2299,95
2300,59
2301,76
2302,57
2303,65
2304,84
2305,238
2306,92
2307,59
2308,86
2309,47
2310,85
2311,102
2312,153
2313,104
2314,129
2315,189
2316,97
2317,292
2318,131
2319,157
2320,460
2321,500
2322,358
2323,227
2324,162
2325,214
2326,394
2327,108
2328,116
2329,146
2330,110
2331,97
2332,73
2333,67
2334,216
2335,112
2336,155
2337,83
2338,97
2339,112
2340,500
2341,77
2342,275
2343,124
2344,172
2345,122
2346,500
2347,425
2348,347
2349,432
2350,500
2351,304
2352,242
2353,300
2354,210
2355,237
2356,500
2357,369
2358,340
2359,500
2360,321
2361,421
2362,500
2363,500
2364,500
2365,500
2366,409
2367,117
2368,500
2369,260
2370,190
2371,399
2372,500
2373,500
2374,356
2375,337
2376,500
2377,500
2378,500
2379,452
2380,500
2381,500
2382,240
2383,500
2384,233
2385,396
2386,389
2387,102
2388,85
2389,157
2390,84
2391,151
2392,117
2393,282
2394,45
2395,137
2396,155
2397,101
2398,472
2399,500
2400,449
2401,128
2402,500
2403,500
2404,500
2405,500
2406,268
2407,500
2408,395
2409,500
2410,500
2411,500
2412,500
2413,96
2414,500
2415,500
2416,500
2417,500
2418,500
2419,500
2420,439
2421,500
2422,500
2423,168
2424,86
2425,263
2426,317
2427,83
2428,123
2429,500
2430,173
2431,249
2432,204
2433,500
2434,500
2435,500
2436,410
2437,500
2438,500
2439,500
2440,163
2441,38
2442,362
2443,193
2444,207
2445,500
2446,114
2447,500
2448,34
2449,193
2450,57
2451,118
2452,500
2453,144
2454,26
2455,101
2456,500
2457,126
2458,500
2459,138
2460,500
2461,500
2462,500
2463,500
2464,500
2465,500
2466,500
2467,500
2468,500
2469,39
2470,82
2471,76
2472,25
2473,243
2474,346
2475,93
2476,90
2477,110
2478,120
2479,227
2480,98
2481,103
2482,122
2483,235
2484,138
2485,121
2486,102
2487,38
2488,54
2489,80
2490,45
2491,69
2492,45
2493,62
2494,68
2495,127
2496,122
2497,130
2498,118
2499,118
2500,134
2501,117
2502,420
2503,150
2504,116
2505,145
2506,117
2507,76
2508,53
2509,105
2510,123
2511,103
2512,117
2513,86
2514,107
2515,106
2516,135
2517,104
2518,72
2519,118
2520,136
2521,145
2522,133
2523,147
2524,178
2525,500
2526,294
2527,226
2528,500
2529,237
2530,135
2531,332
2532,369
2533,153
2534,289
2535,274
2536,260
2537,214
2538,358
2539,345
2540,436
2541,259
2542,145
2543,162
2544,141
2545,134
2546,186
2547,172
2548,160
2549,183
2550,108
2551,134
2552,208
2553,297
2554,224
2555,184
2556,147
2557,166
2558,306
2559,295
2560,285
2561,381
2562,228
2563,189
2564,219
2565,292
2566,383
2567,310
2568,414
2569,500
2570,500
2571,81
2572,357
2573,500
2574,203
2575,500
2576,71
2577,137
2578,141
2579,105
2580,88
2581,87
2582,209
2583,457
2584,51
2585,68
2586,66
2587,119
2588,37
2589,410
2590,69
2591,133
2592,116
2593,30
2594,90
2595,305
2596,60
2597,253
2598,97
2599,98
2600,108
2601,60
2602,113
2603,32
2604,89
2605,122
2606,44
2607,123
2608,129
2609,129
2610,138
2611,161
2612,322
2613,161
2614,500
2615,159
2616,226
2617,118
2618,244
2619,149
2620,40
2621,146
2622,187
2623,218
2624,51
2625,161
2626,166
2627,117
2628,49
2629,119
2630,222
2631,111
2632,135
2633,41
2634,80
2635,271
2636,144
2637,23
2638,291
2639,217
2640,292
2641,212
2642,199
2643,235
2644,138
2645,162
2646,140
2647,108
2648,134
2649,130
2650,171
2651,122
2652,172
2653,284
2654,117
2655,189
2656,135
2657,133
2658,146
2659,127
2660,124
2661,145
2662,133
2663,106
2664,101
2665,113
2666,123
2667,117
2668,108
2669,103
2670,106
2671,112
2672,106
2673,138
2674,133
2675,153
2676,161
2677,178
2678,180
2679,146
2680,131
2681,112
2682,112
2683,105
2684,121
2685,130
2686,131
2687,130
2688,171
2689,125
2690,194
2691,148
2692,161
2693,160
2694,166
2695,160
2696,119
2697,213
2698,188
2699,115
2700,246
2701,238
2702,214
2703,212
2704,135
2705,123
2706,113
2707,105
2708,101
2709,44
2710,42
2711,29
2712,96
2713,101
2714,39
2715,44
2716,107
2717,120
2718,94
2719,234
2720,222
2721,110
2722,51
2723,34
2724,111
2725,110
2726,39
2727,53
2728,78
2729,118
2730,90
2731,72
2732,56
2733,66
2734,51
2735,45
2736,90
2737,69
2738,87
2739,116
2740,115
2741,107
2742,68
2743,102
2744,123
2745,104
2746,120
2747,114
2748,106
2749,123
2750,98
2751,130
2752,112
2753,99
2754,130
2755,105
2756,45
2757,125
2758,107
2759,132
2760,164
2761,152
2762,139
2763,117
2764,136
2765,118
2766,187
2767,155
2768,191
2769,165
2770,150
2771,198
2772,207
2773,190
2774,198
2775,180
2776,203
2777,21
2778,318
2779,120
2780,334
2781,69
2782,269
2783,284
2784,299
2785,159
2786,270
2787,212
2788,237
2789,207
2790,81
2791,189
2792,218
2793,92
2794,81
2795,83
2796,158
2797,238
2798,134
2799,162
2800,205
2801,185
2802,234
2803,324
2804,95
2805,238
2806,162
2807,201
2808,193
2809,232
2810,106
2811,298
2812,59
2813,343
2814,88
2815,347
2816,500
2817,500
2818,436
2819,425
2820,233
2821,288
2822,63
2823,116
2824,133
2825,389
2826,410
2827,333
2828,500
2829,167
2830,213
2831,500
2832,500
2833,339
2834,438
2835,158
2836,265
2837,369
2838,397
2839,201
2840,500
2841,320
2842,500
2843,323
2844,59
2845,500
2846,500
2847,500
2848,281
2849,307
2850,476
2851,89
2852,500
2853,500
2854,500
2855,168
2856,500
2857,180
2858,76
2859,41
2860,500
2861,500
2862,500
2863,72
2864,500
2865,500
2866,500
2867,178
2868,285
2869,452
2870,500
2871,500
2872,500
2873,500
2874,344
2875,378
2876,380
2877,364
2878,287
2879,330
2880,352
2881,289
2882,311
2883,303
2884,223
2885,333
2886,368
2887,312
2888,329
2889,387
2890,264
2891,500
2892,500
2893,191
2894,500
2895,500
2896,500
2897,500
2898,500
2899,500
2900,500
2901,500
2902,65
2903,373
2904,88
2905,475
2906,500
2907,79
2908,500
2909,121
2910,500
2911,500
2912,500
2913,500
2914,112
2915,500
2916,500
2917,264
2918,500
2919,500
2920,500
2921,500
2922,500
2923,500
2924,500
2925,380
2926,500
2927,500
2928,452
2929,345
2930,354
2931,276
2932,57
2933,379
2934,442
2935,461
2936,477
2937,277
2938,122
2939,500
2940,500
2941,500
2942,147
2943,57
2944,55
2945,211
2946,201
2947,500
2948,500
2949,494
2950,500
2951,500
2952,476
2953,500
2954,170
2955,500
2956,231
2957,233
2958,227
2959,159
2960,238
2961,221
2962,500
2963,500
2964,241
2965,177
2966,427
2967,65
2968,141
2969,125
2970,142
2971,112
2972,199
2973,57
2974,83
2975,500
2976,500
2977,500
2978,500
2979,285
2980,171
2981,500
2982,90
2983,500
2984,500
2985,297
2986,500
2987,500
2988,500
2989,500
2990,500
2991,500
2992,500
2993,500
2994,500
2995,398
2996,141
2997,246
2998,91
2999,207
3000,434
3001,291
3002,500
3003,500
3004,500
3005,500
3006,500
3007,500
3008,500
3009,500
3010,101
3011,84
3012,146
3013,35
3014,59
3015,177
3016,500
3017,410
3018,127
3019,91
3020,26
3021,106
3022,44
3023,127
3024,270
3025,500
3026,151
3027,500
3028,500
3029,500
3030,500
3031,500
3032,500
3033,500
3034,500
3035,500
3036,500
3037,500
3038,500
3039,500
3040,82
3041,500
3042,500
3043,500
3044,500
3045,83
3046,116
3047,384
3048,500
3049,500
3050,500
3051,500
3052,500
3053,500
3054,500
3055,500
3056,500
3057,500
3058,500
3059,500
3060,464
3061,500
3062,500
3063,57
3064,400
3065,500
3066,371
3067,388
3068,500
3069,500
3070,500
3071,140
3072,192
3073,59
3074,57
3075,99
3076,140
3077,120
3078,500
3079,345
3080,500
3081,500
3082,500
3083,500
3084,500
3085,500
3086,500
3087,416
3088,47
3089,57
3090,161
3091,52
3092,94
3093,36
3094,39
3095,32
3096,49
3097,113
3098,75
3099,112
3100,177
3101,379
3102,500
3103,382
3104,182
3105,339
3106,500
3107,108
3108,500
3109,197
3110,87
3111,49
3112,103
3113,450
3114,144
3115,500
3116,500
3117,500
3118,500
3119,500
3120,183
3121,118
3122,500
3123,71
3124,97
3125,500
3126,500
3127,500
3128,273
3129,329
3130,500
3131,500
3132,500
3133,193
3134,500
3135,209
3136,500
3137,322
3138,148
3139,242
3140,458
3141,500
3142,500
3143,500
3144,207
3145,500
3146,500
3147,500
3148,500
3149,500
3150,500
3151,500
3152,500
3153,500
3154,268
3155,500
3156,500
3157,500
3158,500
3159,500
3160,500
3161,500
3162,500
3163,500
3164,500
3165,500
3166,500
3167,500
3168,500
3169,475
3170,500
3171,500
3172,500
3173,500
3174,500
3175,500
3176,500
3177,500
3178,500
3179,500
3180,500
3181,500
3182,500
3183,500
3184,500
3185,197
3186,500
3187,500
3188,417
3189,364
3190,500
3191,342
3192,500
3193,500
3194,500
3195,257
3196,486
3197,500
3198,338
3199,282
3200,197
3201,500
3202,393
3203,500
3204,206
3205,398
3206,148
3207,481
3208,241
3209,377
3210,274
3211,73
3212,61
3213,139
3214,58
3215,78
3216,66
3217,66
3218,91
3219,193
3220,85
3221,500
3222,188
3223,316
3224,474
3225,91
3226,107
3227,184
3228,290
3229,500
3230,500
3231,500
3232,228
3233,209
3234,212
3235,500
3236,138
3237,261
3238,118
3239,75
3240,45
3241,112
3242,62
3243,62
3244,500
3245,500
3246,500
3247,500
3248,500
3249,500
3250,500
3251,500
3252,500
3253,500
3254,500
3255,500
3256,275
3257,500
3258,500
3259,500
3260,484
3261,500
3262,175
3263,137
3264,246
3265,500
3266,473
3267,313
3268,107
3269,500
3270,122
3271,90
3272,104
3273,54
3274,86
3275,123
3276,57
3277,108
3278,103
3279,183
3280,50
3281,23
3282,37
3283,53
3284,61
3285,177
3286,94
3287,20
3288,108
3289,178
3290,175
3291,152
3292,187
3293,232
3294,108
3295,229
3296,22
3297,45
3298,84
3299,52
3300,88
3301,68
3302,37
3303,46
3304,44
3305,115
3306,99
3307,104
3308,67
3309,79
3310,87
3311,165
3312,200
3313,168
3314,235
3315,320
3316,491
3317,500
3318,500
3319,198
3320,98
3321,27
3322,244
3323,140
3324,500
3325,138
3326,86
3327,500
3328,269
3329,500
3330,235
3331,439
3332,264
3333,446
3334,82
3335,500
3336,500
3337,500
3338,27
3339,500
3340,500
3341,299
3342,180
3343,25
3344,159
3345,131
3346,122
3347,169
3348,171
3349,175
3350,225
3351,223
3352,213
3353,211
3354,214
3355,228
3356,206
3357,271
3358,236
3359,333
3360,308
3361,275
3362,283
3363,265
3364,260
3365,256
3366,311
3367,285
3368,365
3369,500
3370,500
3371,500
3372,280
3373,114
3374,54
3375,339
3376,48
3377,46
3378,16
3379,12
3380,21
3381,59
3382,217
3383,238
3384,242
3385,500
3386,235
3387,247
3388,280
3389,500
3390,355
3391,500
3392,351
3393,377
3394,83
3395,500
3396,394
3397,500
3398,388
3399,500
3400,500
3401,500
3402,500
3403,500
3404,500
3405,500
3406,89
3407,368
3408,500
3409,124
3410,327
3411,14
3412,26
3413,474
3414,500
3415,500
3416,43
3417,52
3418,45
3419,197
3420,500
3421,188
3422,498
3423,221
3424,288
3425,404
3426,500
3427,500
3428,500
3429,500
3430,500
3431,500
3432,500
3433,500
3434,500
3435,500
3436,191
3437,98
3438,337
3439,500
3440,500
3441,200
3442,252
3443,283
3444,500
3445,164
3446,96
3447,73
3448,128
3449,111
3450,132
3451,208
3452,253
3453,149
3454,220
3455,477
3456,283
3457,475
3458,500
3459,500
3460,275
3461,212
3462,244
3463,444
3464,500
3465,500
3466,363
3467,167
3468,137
3469,219
3470,500
3471,351
3472,500
3473,500
3474,500
3475,500
3476,500
3477,500
3478,500
3479,500
3480,500
3481,500
3482,500
3483,500
3484,500
3485,500
3486,500
3487,500
3488,500
3489,500
3490,107
3491,500
3492,500
3493,195
3494,148
3495,179
3496,382
3497,215
3498,497
3499,135
3500,500
3501,171
3502,222
3503,190
3504,398
3505,189
3506,500
3507,453
3508,284
3509,500
3510,319
3511,500
3512,346
3513,242
3514,480
3515,500
3516,198
3517,230
3518,189
3519,399
3520,214
3521,284
3522,500
3523,383
3524,500
3525,500
3526,500
3527,150
3528,272
3529,215
3530,200
3531,456
3532,212
3533,251
3534,250
3535,244
3536,283
3537,447
3538,358
3539,140
3540,136
3541,165
3542,203
3543,176
3544,500
3545,497
3546,500
3547,500
3548,500
3549,500
3550,88
3551,110
3552,115
3553,116
3554,126
3555,54
3556,74
3557,78
3558,76
3559,308
3560,255
3561,196
3562,346
3563,500
3564,500
3565,181
3566,500
3567,318
3568,500
3569,500
3570,500
3571,500
3572,396
3573,500
3574,97
3575,500
3576,237
3577,47
3578,269
3579,252
3580,318
3581,156
3582,500
3583,500
3584,86
3585,500
3586,500
3587,174
3588,500
3589,500
3590,304
3591,500
3592,500
3593,500
3594,427
3595,63
3596,79
3597,500
3598,500
3599,500
3600,195
3601,500
3602,500
3603,500
3604,500
3605,345
3606,500
3607,237
3608,500
3609,500
3610,132
3611,383
3612,500
3613,281
3614,353
3615,500
3616,500
3617,500
3618,500
3619,425
3620,486
3621,203
3622,500
3623,124
3624,67
3625,80
3626,26
3627,54
3628,178
3629,500
3630,340
3631,444
3632,189
3633,87
3634,171
3635,159
3636,143
3637,137
3638,500
3639,500
3640,500
3641,204
3642,91
3643,246
3644,60
3645,268
3646,500
3647,378
3648,500
3649,500
3650,500
3651,500
3652,375
3653,500
3654,35
3655,133
3656,68
3657,277
3658,154
3659,168
3660,229
3661,500
3662,500
3663,500
3664,500
3665,500
3666,500
3667,500
3668,500
3669,500
3670,315
3671,144
3672,38
3673,187
3674,12
3675,73
3676,387
3677,27
3678,116
3679,424
3680,357
3681,500
3682,500
3683,500
3684,500
3685,441
3686,500
3687,18
3688,500
3689,500
3690,472
3691,19
3692,150
3693,55
3694,94
3695,15
3696,24
3697,64
3698,46
3699,79
3700,67
3701,46
3702,30
3703,75
3704,92
3705,114
3706,354
3707,500
3708,12
3709,500
3710,500
3711,500
3712,500
3713,500
3714,500
3715,500
3716,500
3717,500
3718,500
3719,344
3720,500
3721,453
3722,500
3723,500
3724,500
3725,500
3726,500
3727,500
3728,500
3729,500
3730,500
3731,500
3732,500
3733,500
3734,500
3735,500
3736,500
3737,500
3738,500
3739,500
3740,500
3741,500
3742,500
3743,500
3744,439
3745,215
3746,94
3747,475
3748,358
3749,12
3750,118
3751,134
3752,40
3753,57
3754,115
3755,57
3756,161
3757,72
3758,500
3759,500
3760,430
3761,500
3762,500
3763,500
3764,116
3765,218
3766,261
3767,500
3768,214
3769,123
3770,500
3771,500
3772,500
3773,500
3774,117
3775,209
3776,242
3777,168
3778,101
3779,42
3780,26
3781,93
3782,177
3783,137
3784,36
3785,32
3786,36
3787,39
3788,42
3789,292
3790,252
3791,51
3792,98
3793,500
3794,477
3795,500
3796,500
3797,500
3798,307
3799,102
3800,500
3801,500
3802,453
3803,99
3804,105
3805,240
3806,491
3807,366
3808,500
3809,500
3810,114
3811,164
3812,120
3813,137
3814,101
3815,500
3816,500
3817,500
3818,362
3819,500
3820,500
3821,120
3822,384
3823,500
3824,62
3825,79
3826,234
3827,124
3828,18
3829,192
3830,122
3831,71
3832,51
3833,159
3834,261
3835,166
3836,60
3837,180
3838,425
3839,254
3840,69
3841,185
3842,72
3843,134
3844,157
3845,152
3846,78
3847,169
3848,120
3849,436
3850,253
3851,234
3852,500
3853,183
3854,297
3855,500
3856,48
3857,330
3858,286
3859,191
3860,466
3861,500
3862,500
3863,500
3864,500
3865,500
3866,500
3867,372
3868,200
3869,69
3870,157
3871,234
3872,211
3873,500
3874,86
3875,105
3876,210
3877,171
3878,93
3879,153
3880,90
3881,260
3882,222
3883,141
3884,109
3885,119
3886,172
3887,107
3888,117
3889,194
3890,92
3891,228
3892,141
3893,64
3894,81
3895,168
3896,218
3897,243
3898,500
3899,500
3900,500
3901,255
3902,199
3903,234
3904,393
3905,186
3906,500
3907,500
3908,500
3909,500
3910,500
3911,500
3912,123
3913,500
3914,500
3915,500
3916,395
3917,500
3918,500
3919,264
3920,500
3921,231
3922,500
3923,500
3924,255
3925,222
3926,438
3927,235
3928,167
3929,117
3930,441
3931,356
3932,246
3933,424
3934,500
3935,198
3936,500
3937,261
3938,500
3939,219
3940,322
3941,500
3942,145
3943,338
3944,500
3945,500
3946,500
3947,232
3948,500
3949,500
3950,494
3951,500
3952,234
3953,500
3954,500
3955,500
3956,500
3957,44
3958,61
3959,111
3960,66
3961,30
3962,60
3963,148
3964,57
3965,60
3966,500
3967,500
3968,19
3969,500
3970,384
3971,500
3972,66
3973,14
3974,500
3975,435
3976,500
3977,500
3978,62
3979,20
3980,500
3981,500
3982,254
3983,139
3984,500
3985,215
3986,500
3987,500
3988,40
3989,89
3990,219
3991,319
3992,500
3993,457
3994,103
3995,402
3996,330
3997,203
3998,500
3999,500
4000,280
4001,197
4002,500
4003,80
4004,431
4005,500
4006,500
4007,500
4008,500
4009,500
4010,213
4011,500
4012,199
4013,299
4014,500
4015,324
4016,223
4017,164
4018,385
4019,319
4020,82
4021,461
4022,377
4023,78
4024,500
4025,500
4026,500
4027,146
4028,271
4029,327
4030,95
4031,411
4032,500
4033,135
4034,500
4035,500
4036,172
4037,20
4038,210
4039,500
4040,417
4041,500
4042,500
4043,500
4044,14
4045,296
4046,171
4047,282
4048,199
4049,500
4050,412
4051,191
4052,227
4053,500
4054,500
4055,500
4056,500
4057,500
4058,500
4059,500
4060,500
4061,357
4062,324
4063,500
4064,474
4065,500
4066,371
4067,500
4068,500
4069,278
4070,500
4071,411
4072,500
4073,500
4074,500
4075,500
4076,229
4077,500
4078,500
4079,395
4080,500
4081,500
4082,500
4083,270
4084,76
4085,71
4086,342
4087,500
4088,500
4089,180
4090,322
4091,500
4092,500
4093,322
4094,500
4095,237
4096,500
4097,120
4098,500
4099,333
4100,182
4101,321
4102,286
4103,145
4104,167
4105,143
4106,183
4107,191
4108,174
4109,170
4110,121
4111,500
4112,245
4113,500
4114,90
4115,371
4116,158
4117,122
4118,323
4119,223
4120,109
4121,221
4122,171
4123,319
4124,191
4125,136
4126,307
4127,500
4128,255
4129,295
4130,475
4131,174
4132,207
4133,500
4134,225
4135,500
4136,188
4137,457
4138,214
4139,500
4140,362
4141,500
4142,327
4143,500
4144,182
4145,99
4146,185
4147,151
4148,183
4149,297
4150,259
4151,352
4152,173
4153,271
4154,500
4155,225
4156,205
4157,207
4158,381
4159,329
4160,223
4161,225
4162,353
4163,69
4164,114
4165,314
4166,214
4167,287
4168,227
4169,154
4170,231
4171,500
4172,68
4173,44
4174,500
4175,130
4176,157
4177,117
4178,27
4179,324
4180,127
4181,179
4182,120
4183,331
4184,288
4185,341
4186,139
4187,293
4188,500
4189,125
4190,63
4191,234
4192,500
4193,500
4194,500
4195,78
4196,500
4197,500
4198,500
4199,62
4200,467
4201,398
4202,222
4203,500
4204,96
4205,97
4206,105
4207,79
4208,151
4209,76
4210,451
4211,82
4212,167
4213,294
4214,265
4215,500
4216,114
4217,500
4218,495
4219,205
4220,371
4221,84
4222,89
4223,183
4224,500
4225,500
4226,76
4227,500
4228,473
4229,500
4230,90
4231,446
4232,82
4233,500
4234,225
4235,500
4236,211
4237,500
4238,93
4239,500
4240,500
4241,348
4242,500
4243,500
4244,500
4245,500
4246,500
4247,500
4248,500
4249,293
4250,500
4251,500
4252,500
4253,500
4254,474
4255,500
4256,500
4257,136
4258,356
4259,251
4260,151
4261,128
4262,342
4263,136
4264,129
4265,154
4266,470
4267,161
4268,127
4269,354
4270,486
4271,500
4272,410
4273,500
4274,500
4275,500
4276,190
4277,192
4278,153
4279,495
4280,158
4281,257
4282,500
4283,244
4284,138
4285,160
4286,265
4287,218
4288,34
4289,224
4290,263
4291,500
4292,354
4293,257
4294,500
4295,218
4296,496
4297,497
4298,217
4299,160
4300,335
4301,500
4302,500
4303,500
4304,122
4305,46
4306,123
4307,124
4308,500
4309,218
4310,148
4311,500
4312,410
4313,500
4314,38
4315,89
4316,115
4317,124
4318,175
4319,224
4320,199
4321,74
4322,51
4323,41
4324,211
4325,78
4326,28
4327,201
4328,400
4329,30
4330,85
4331,102
4332,84
4333,83
4334,183
4335,496
4336,115
4337,21
4338,57
4339,114
4340,20
4341,50
4342,50
4343,79
4344,110
4345,255
4346,152
4347,500
4348,500
4349,500
4350,500
4351,500
4352,211
4353,252
4354,277
4355,327
4356,500
4357,102
4358,272
4359,161
4360,500
4361,500
4362,89
4363,132
4364,500
4365,122
4366,312
4367,500
4368,500
4369,275
4370,500
4371,500
4372,500
4373,500
4374,237
4375,500
4376,500
4377,500
4378,500
4379,500
4380,500
4381,500
4382,500
4383,500
4384,500
4385,500
4386,500
4387,500
4388,500
4389,500
4390,500
4391,500
4392,500
4393,500
4394,500
4395,500
4396,500
4397,500
4398,500
4399,500
4400,500
4401,500
4402,500
4403,500
4404,500
4405,500
4406,500
4407,500
4408,500
4409,500
4410,500
4411,81
4412,68
4413,500
4414,500
4415,500
4416,500
4417,500
4418,500
4419,500
4420,101
4421,107
4422,500
4423,374
4424,137
4425,100
4426,185
4427,364
4428,201
4429,500
4430,500
4431,500
4432,500
4433,500
4434,500
4435,500
4436,500
4437,500
4438,500
4439,500
4440,500
4441,500
4442,500
4443,500
4444,500
4445,500
4446,500
4447,500
4448,500
4449,500
4450,500
4451,500
4452,500
4453,500
4454,500
4455,500
4456,500
4457,500
4458,500
4459,500
4460,500
4461,500
4462,500
4463,500
4464,500
4465,500
4466,500
4467,500
4468,500
4469,500
4470,500
4471,500
4472,500
4473,
4474,
4475,
4476,
4477,
4478,
4479,
4480,
4481,
4482,
4483,
4484,
4485,
4486,
4487,
4488,
4489,
4490,
4491,
4492,
4493,
4494,
4495,
4496,
4497,
4498,
4499,
4500,
4501,
4502,
4503,
4504,
4505,
4506,
4507,
4508,
4509,
4510,
4511,
4512,
4513,
4514,
4515,
4516,
4517,
4518,
4519,
4520,
4521,
4522,
4523,
4524,
4525,
4526,
4527,
4528,
4529,
4530,
4531,
4532,
4533,
4534,
4535,
4536,
4537,
4538,
4539,
4540,
4541,
4542,
4543,
4544,
4545,
4546,
4547,
4548,
4549,
4550,
4551,
4552,
4553,
4554,
4555,
4556,
4557,
4558,
4559,
4560,
4561,
4562,
4563,
4564,
4565,
4566,
4567,
4568,
4569,
4570,
4571,
4572,
4573,
4574,
4575,
4576,
4577,
4578,
4579,
4580,
4581,
4582,
4583,
4584,
4585,
4586,
4587,
4588,
4589,
4590,
4591,
4592,
4593,
4594,
4595,
4596,
4597,
4598,
4599,
4600,
4601,
4602,
4603,
4604,
4605,
4606,
4607,
4608,
4609,
4610,
4611,
4612,
4613,
4614,
4615,
4616,
4617,
4618,
4619,
4620,
4621,
4622,
4623,
4624,
4625,
4626,
4627,
4628,
4629,
4630,
4631,
4632,
4633,
4634,
4635,
4636,
4637,
4638,
4639,
4640,
4641,
4642,
4643,
4644,
4645,
4646,
4647,
4648,
4649,
4650,
4651,
4652,
4653,
4654,
4655,
4656,
4657,
4658,
4659,
4660,
4661,
4662,
4663,
4664,
4665,
4666,
4667,
4668,
4669,
4670,
4671,
4672,
4673,
4674,
4675,
4676,
4677,
4678,
4679,
4680,
4681,
4682,
4683,
4684,
4685,
4686,
4687,
4688,
4689,
4690,
4691,
4692,
4693,
4694,
4695,
4696,
4697,
4698,
4699,
4700,
4701,
4702,
4703,
4704,
4705,
4706,
4707,
4708,
4709,
4710,
4711,
4712,
4713,
4714,
4715,
4716,
4717,
4718,
4719,
4720,
4721,
4722,
4723,
4724,
4725,
4726,
4727,
4728,
4729,
4730,
4731,
4732,
4733,
4734,
4735,
4736,
4737,
4738,
4739,
4740,
4741,
4742,
4743,
4744,
4745,
4746,
4747,
4748,
4749,
4750,
4751,
4752,
4753,
4754,
4755,
4756,
4757,
4758,
4759,
4760,
4761,
4762,
4763,
4764,
4765,
4766,
4767,
4768,
4769,
4770,
4771,
4772,
4773,
4774,
4775,
4776,
4777,
4778,
4779,
4780,
4781,
4782,
4783,
4784,
4785,
4786,
4787,
4788,
4789,
4790,
4791,
4792,
4793,
4794,
4795,
4796,
4797,
4798,
4799,
4800,
4801,
4802,
4803,
4804,
4805,
4806,
4807,
4808,
4809,
4810,
4811,
4812,
4813,
4814,
4815,
4816,
4817,
4818,
4819,
4820,
4821,
4822,
4823,
4824,
4825,
4826,
4827,
4828,
4829,
4830,
4831,
4832,
4833,
4834,
4835,
4836,
4837,
4838,
4839,
4840,
4841,
4842,
4843,
4844,
4845,
4846,
4847,
4848,
4849,
4850,
4851,
4852,
4853,
4854,
4855,
4856,
4857,
4858,
4859,
4860,
4861,
4862,
4863,
4864,
4865,
4866,
4867,
4868,
4869,
4870,
4871,
4872,
4873,
4874,
4875,
4876,
4877,
4878,
4879,
4880,
4881,
4882,
4883,
4884,
4885,
4886,
4887,
4888,
4889,
4890,
4891,
4892,
4893,
4894,
4895,
4896,
4897,
4898,
4899,
4900,
4901,
4902,
4903,
4904,
4905,
4906,
4907,
4908,
4909,
4910,
4911,
4912,
4913,
4914,
4915,
4916,
4917,
4918,
4919,
4920,
4921,
4922,
4923,
4924,
4925,
4926,
4927,
4928,
4929,
4930,
4931,
4932,
4933,
4934,
4935,
4936,
4937,
4938,
4939,
4940,
4941,
4942,
4943,
4944,
4945,
4946,
4947,
4948,
4949,
4950,
4951,
4952,
4953,
4954,
4955,
4956,
4957,
4958,
4959,
4960,
4961,
4962,
4963,
4964,
4965,
4966,
4967,
4968,
4969,
4970,
4971,
4972,
4973,
4974,
4975,
4976,
4977,
4978,
4979,
4980,
4981,
4982,
4983,
4984,
4985,
4986,
4987,
4988,
4989,
4990,
4991,
4992,
4993,
4994,
4995,
4996,
4997,
4998,
4999,
5000,
5001,
5002,
5003,
5004,
5005,
5006,
5007,
5008,
5009,
5010,
5011,
5012,
5013,
5014,
5015,
5016,
5017,
5018,
5019,
5020,
5021,
5022,
5023,
5024,
5025,
5026,
5027,
5028,
5029,
5030,
5031,
5032,
5033,
5034,
5035,
5036,
5037,
5038,
5039,
5040,
5041,
5042,
5043,
5044,
5045,
5046,
5047,
5048,
5049,
5050,
5051,
5052,
5053,
5054,
5055,
5056,
5057,
5058,
5059,
5060,
5061,
5062,
5063,
5064,
5065,
5066,
5067,
5068,
5069,
5070,
5071,
5072,
5073,
5074,
5075,
5076,
5077,
5078,
5079,
5080,
5081,
5082,
5083,
5084,
5085,
5086,
5087,
5088,
5089,
5090,
5091,
5092,
5093,
5094,
5095,
5096,
5097,
5098,
5099,
5100,
5101,
5102,
5103,
5104,
5105,
5106,
5107,
5108,
5109,
5110,
5111,
5112,
5113,
5114,
5115,
5116,
5117,
5118,
5119,
5120,
5121,
5122,
5123,
5124,
5125,
5126,
5127,
5128,
5129,
5130,
5131,
5132,
5133,
5134,
5135,
5136,
5137,
5138,
5139,
5140,
5141,
5142,
5143,
5144,
5145,
5146,
5147,
5148,
5149,
5150,
5151,
5152,
5153,
5154,
5155,
5156,
5157,
5158,
5159,
5160,
5161,
5162,
5163,
5164,
5165,
5166,
5167,
5168,
5169,
5170,
5171,
5172,
5173,
5174,
5175,
5176,
5177,
5178,
5179,
5180,
5181,
5182,
5183,
5184,
5185,
5186,
5187,
5188,
5189,
5190,
5191,
5192,
5193,
5194,
5195,
5196,
5197,
5198,
5199,
5200,
5201,
5202,
5203,
5204,
5205,
5206,
5207,
5208,
5209,
5210,
5211,
5212,
5213,
5214,
5215,
5216,
5217,
5218,
5219,
5220,
5221,
5222,
5223,
5224,
5225,
5226,
5227,
5228,
5229,
5230,
5231,
5232,
5233,
5234,
5235,
5236,
5237,
5238,
5239,
5240,
5241,
5242,
5243,
5244,
5245,
5246,
5247,
5248,
5249,
5250,
5251,
5252,
5253,
5254,
5255,
5256,
5257,
5258,
5259,
5260,
5261,
5262,
5263,
5264,
5265,
5266,
5267,
5268,
5269,
5270,
5271,
5272,
5273,
5274,
5275,
5276,
5277,
5278,
5279,
5280,
5281,
5282,
5283,
5284,
5285,
5286,
5287,
5288,
5289,
5290,
5291,
5292,
5293,
5294,
5295,
5296,
5297,
5298,
5299,
5300,
5301,
5302,
5303,
5304,
5305,
5306,
5307,
5308,
5309,
5310,
5311,
5312,
5313,
5314,
5315,
5316,
5317,
5318,
5319,
5320,
5321,
5322,
5323,
5324,
5325,
5326,
5327,
5328,
5329,
5330,
5331,
5332,
5333,
5334,
5335,
5336,
5337,
5338,
5339,
5340,
5341,
5342,
5343,
5344,
5345,
5346,
5347,
5348,
5349,
5350,
5351,
5352,
5353,
5354,
5355,
5356,
5357,
5358,
5359,
5360,
5361,
5362,
5363,
5364,
5365,
5366,
5367,
5368,
5369,
5370,
5371,
5372,
5373,
5374,
5375,
5376,
5377,
5378,
5379,
5380,
5381,
5382,
5383,
5384,
5385,
5386,
5387,
5388,
5389,
5390,
5391,
5392,
5393,
5394,
5395,
5396,
5397,
5398,
5399,
5400,
5401,
5402,
5403,
5404,
5405,
5406,
5407,
5408,
5409,
5410,
5411,
5412,
5413,
5414,
5415,
5416,
5417,
5418,
5419,
5420,
5421,
5422,
5423,
5424,
5425,
5426,
5427,
5428,
5429,
5430,
5431,
5432,
5433,
5434,
5435,
5436,
5437,
5438,
5439,
5440,
5441,
5442,
5443,
5444,
5445,
5446,
5447,
5448,
5449,
5450,
5451,
5452,
5453,
5454,
5455,
5456,
5457,
5458,
5459,
5460,
5461,
5462,
5463,
5464,
5465,
5466,
5467,
5468,
5469,
5470,
5471,
5472,
5473,
5474,
5475,
5476,
5477,
5478,
5479,
5480,
5481,
5482,
5483,
5484,
5485,
5486,
5487,
5488,
5489,
5490,
5491,
5492,
5493,
5494,
5495,
5496,
5497,
5498,
5499,
5500,
5501,
5502,
5503,
5504,
5505,
5506,
5507,
5508,
5509,
5510,
5511,
5512,
5513,
5514,
5515,
5516,
5517,
5518,
5519,
5520,
5521,
5522,
5523,
5524,
5525,
5526,
5527,
5528,
5529,
5530,
5531,
5532,
5533,
5534,
5535,
5536,
5537,
5538,
5539,
5540,
5541,
5542,
5543,
5544,
5545,
5546,
5547,
5548,
5549,
5550,
5551,
5552,
5553,
5554,
5555,
5556,
5557,
5558,
5559,
5560,
5561,
5562,
5563,
5564,
5565,
5566,
5567,
5568,
5569,
5570,
5571,
5572,
5573,
5574,
5575,
5576,
5577,
5578,
5579,
5580,
5581,
5582,
5583,
5584,
5585,
5586,
5587,
5588,
5589,
5590,
5591,
5592,
5593,
5594,
5595,
5596,
5597,
5598,
5599,
5600,
5601,
5602,
5603,
5604,
5605,
5606,
5607,
5608,
5609,
5610,
5611,
5612,
5613,
5614,
5615,
5616,
5617,
5618,
5619,
5620,
5621,
5622,
5623,
5624,
5625,
5626,
5627,
5628,
5629,
5630,
5631,
5632,
5633,
5634,
5635,
5636,
5637,
5638,
5639,
5640,
5641,
5642,
5643,
5644,
5645,
5646,
5647,
5648,
5649,
5650,
5651,
5652,
5653,
5654,
5655,
5656,
5657,
5658,
5659,
5660,
5661,
5662,
5663,
5664,
5665,
5666,
5667,
5668,
5669,
5670,
5671,
5672,
5673,
5674,
5675,
5676,
5677,
5678,
5679,
5680,
5681,
5682,
5683,
5684,
5685,
5686,
5687,
5688,
5689,
5690,
5691,
5692,
5693,
5694,
5695,
5696,
5697,
5698,
5699,
5700,
5701,
5702,
5703,
5704,
5705,
5706,
5707,
5708,
5709,
5710,
5711,
5712,
5713,
5714,
5715,
5716,
5717,
5718,
5719,
5720,
5721,
5722,
5723,
5724,
5725,
5726,
5727,
5728,
5729,
5730,
5731,
5732,
5733,
5734,
5735,
5736,
5737,
5738,
5739,
5740,
5741,
5742,
5743,
5744,
5745,
5746,
5747,
5748,
5749,
5750,
5751,
5752,
5753,
5754,
5755,
5756,
5757,
5758,
5759,
5760,
5761,
5762,
5763,
5764,
5765,
5766,
5767,
5768,
5769,
5770,
5771,
5772,
5773,
5774,
5775,
5776,
5777,
5778,
5779,
5780,
5781,
5782,
5783,
5784,
5785,
5786,
5787,
5788,
5789,
5790,
5791,
5792,
5793,
5794,
5795,
5796,
5797,
5798,
5799,
5800,
5801,
5802,
5803,
5804,
5805,
5806,
5807,
5808,
5809,
5810,
5811,
5812,
5813,
5814,
5815,
5816,
5817,
5818,
5819,
5820,
5821,
5822,
5823,
5824,
5825,
5826,
5827,
5828,
5829,
5830,
5831,
5832,
5833,
5834,
5835,
5836,
5837,
5838,
5839,
5840,
5841,
5842,
5843,
5844,
5845,
5846,
5847,
5848,
5849,
5850,
5851,
5852,
5853,
5854,
5855,
5856,
5857,
5858,
5859,
5860,
5861,
5862,
5863,
5864,
5865,
5866,
5867,
5868,
5869,
5870,
5871,
5872,
5873,
5874,
5875,
5876,
5877,
5878,
5879,
5880,
5881,
5882,
5883,
5884,
5885,
5886,
5887,
5888,
5889,
5890,
5891,
5892,
5893,
5894,
5895,
5896,
5897,
5898,
5899,
5900,
5901,
5902,
5903,
5904,
5905,
5906,
5907,
5908,
5909,
5910,
5911,
5912,
5913,
5914,
5915,
5916,
5917,
5918,
5919,
5920,
5921,
5922,
5923,
5924,
5925,
5926,
5927,
5928,
5929,
5930,
5931,
5932,
5933,
5934,
5935,
5936,
5937,
5938,
5939,
5940,
5941,
5942,
5943,
5944,
5945,
5946,
5947,
5948,
5949,
5950,
5951,
5952,
5953,
5954,
5955,
5956,
5957,
5958,
5959,
5960,
5961,
5962,
5963,
5964,
5965,
5966,
5967,
5968,
5969,
5970,
5971,
5972,
5973,
5974,
5975,
5976,
5977,
5978,
5979,
5980,
5981,
5982,
5983,
5984,
5985,
5986,
5987,
5988,
5989,
5990,
5991,
5992,
5993,
5994,
5995,
5996,
5997,
5998,
5999,
6000,
6001,
6002,
6003,
6004,
6005,
6006,
6007,
6008,
6009,
6010,
6011,
6012,
6013,
6014,
6015,
6016,
6017,
6018,
6019,
6020,
6021,
6022,
6023,
6024,
6025,
6026,
6027,
6028,
6029,
6030,
6031,
6032,
6033,
6034,
6035,
6036,
6037,
6038,
6039,
6040,
6041,
6042,
6043,
6044,
6045,
6046,
6047,
6048,
6049,
6050,
6051,
6052,
6053,
6054,
6055,
6056,
6057,
6058,
6059,
6060,
6061,
6062,
6063,
6064,
6065,
6066,
6067,
6068,
6069,
6070,
6071,
6072,
6073,
6074,
6075,
6076,
6077,
6078,
6079,
6080,
6081,
6082,
6083,
6084,
6085,
6086,
6087,
6088,
6089,
6090,
6091,
6092,
6093,
6094,
6095,
6096,
6097,
6098,
6099,
6100,
6101,
6102,
6103,
6104,
6105,
6106,
6107,
6108,
6109,
6110,
6111,
6112,
6113,
6114,
6115,
6116,
6117,
6118,
6119,
6120,
6121,
6122,
6123,
6124,
6125,
6126,
6127,
6128,
6129,
6130,
6131,
6132,
6133,
6134,
6135,
6136,
6137,
6138,
6139,
6140,
6141,
6142,
6143,
6144,
6145,
6146,
6147,
6148,
6149,
6150,
6151,
6152,
6153,
6154,
6155,
6156,
6157,
6158,
6159,
6160,
6161,
6162,
6163,
6164,
6165,
6166,
6167,
6168,
6169,
6170,
6171,
6172,
6173,
6174,
6175,
6176,
6177,
6178,
6179,
6180,
6181,
6182,
6183,
6184,
6185,
6186,
6187,
6188,
6189,
6190,
6191,
6192,
6193,
6194,
6195,
6196,
6197,
6198,
6199,
6200,
6201,
6202,
6203,
6204,
6205,
6206,
6207,
6208,
6209,
6210,
6211,
6212,
6213,
6214,
6215,
6216,
6217,
6218,
6219,
6220,
6221,
6222,
6223,
6224,
6225,
6226,
6227,
6228,
6229,
6230,
6231,
6232,
6233,
6234,
6235,
6236,
6237,
6238,
6239,
6240,
6241,
6242,
6243,
6244,
6245,
6246,
6247,
6248,
6249,
6250,
6251,
6252,
6253,
6254,
6255,
6256,
6257,
6258,
6259,
6260,
6261,
6262,
6263,
6264,
6265,
6266,
6267,
6268,
6269,
6270,
6271,
6272,
6273,
6274,
6275,
6276,
6277,
6278,
6279,
6280,
6281,
6282,
6283,
6284,
6285,
6286,
6287,
6288,
6289,
6290,
6291,
6292,
6293,
6294,
6295,
6296,
6297,
6298,
6299,
6300,
6301,
6302,
6303,
6304,
6305,
6306,
6307,
6308,
6309,
6310,
6311,
6312,
6313,
6314,
6315,
6316,
6317,
6318,
6319,
6320,
6321,
6322,
6323,
6324,
6325,
6326,
6327,
6328,
6329,
6330,
6331,
6332,
6333,
6334,
6335,
6336,
6337,
6338,
6339,
6340,
6341,
6342,
6343,
6344,
6345,
6346,
6347,
6348,
6349,
6350,
6351,
6352,
6353,
6354,
6355,
6356,
6357,
6358,
6359,
6360,
6361,
6362,
6363,
6364,
6365,
6366,
6367,
6368,
6369,
6370,
6371,
6372,
6373,
6374,
6375,
6376,
6377,
6378,
6379,
6380,
6381,
6382,
6383,
6384,
6385,
6386,
6387,
6388,
6389,
6390,
6391,
6392,
6393,
6394,
6395,
6396,
6397,
6398,
6399,
6400,
6401,
6402,
6403,
6404,
6405,
6406,
6407,
6408,
6409,
6410,
6411,
6412,
6413,
6414,
6415,
6416,
6417,
6418,
6419,
6420,
6421,
6422,
6423,
6424,
6425,
6426,
6427,
6428,
6429,
6430,
6431,
6432,
6433,
6434,
6435,
6436,
6437,
6438,
6439,
6440,
6441,
6442,
6443,
6444,
6445,
6446,
6447,
6448,
6449,
6450,
6451,
6452,
6453,
6454,
6455,
6456,
6457,
6458,
6459,
6460,
6461,
6462,
6463,
6464,
6465,
6466,
6467,
6468,
6469,
6470,
6471,
6472,
6473,
6474,
6475,
6476,
6477,
6478,
6479,
6480,
6481,
6482,
6483,
6484,
6485,
6486,
6487,
6488,
6489,
6490,
6491,
6492,
6493,
6494,
6495,
6496,
6497,
6498,
6499,
6500,
6501,
6502,
6503,
6504,
6505,
6506,
6507,
6508,
6509,
6510,
6511,
6512,
6513,
6514,
6515,
6516,
6517,
6518,
6519,
6520,
6521,
6522,
6523,
6524,
6525,
6526,
6527,
6528,
6529,
6530,
6531,
6532,
6533,
6534,
6535,
6536,
6537,
6538,
6539,
6540,
6541,
6542,
6543,
6544,
6545,
6546,
6547,
6548,
6549,
6550,
6551,
6552,
6553,
6554,
6555,
6556,
6557,
6558,
6559,
6560,
6561,
6562,
6563,
6564,
6565,
6566,
6567,
6568,
6569,
6570,
6571,
6572,
6573,
6574,
6575,
6576,
6577,
6578,
6579,
6580,
6581,
6582,
6583,
6584,
6585,
6586,
6587,
6588,
6589,
6590,
6591,
6592,
6593,
6594,
6595,
6596,
6597,
6598,
6599,
6600,
6601,
6602,
6603,
6604,
6605,
6606,
6607,
6608,
6609,
6610,
6611,
6612,
6613,
6614,
6615,
6616,
6617,
6618,
6619,
6620,
6621,
6622,
6623,
6624,
6625,
6626,
6627,
6628,
6629,
6630,
6631,
6632,
6633,
6634,
6635,
6636,
6637,
6638,
6639,
6640,
6641,
6642,
6643,
6644,
6645,
6646,
6647,
6648,
6649,
6650,
6651,
6652,
6653,
6654,
6655,
6656,
6657,
6658,
6659,
6660,
6661,
6662,
6663,
6664,
6665,
6666,
6667,
6668,
6669,
6670,
6671,
6672,
6673,
6674,
6675,
6676,
6677,
6678,
6679,
6680,
6681,
6682,
6683,
6684,
6685,
6686,
6687,
6688,
6689,
6690,
6691,
6692,
6693,
6694,
6695,
6696,
6697,
6698,
6699,
6700,
6701,
6702,
6703,
6704,
6705,
6706,
6707,
6708,
6709,
6710,
6711,
6712,
6713,
6714,
6715,
6716,
6717,
6718,
6719,
6720,
6721,
6722,
6723,
6724,
6725,
6726,
6727,
6728,
6729,
6730,
6731,
6732,
6733,
6734,
6735,
6736,
6737,
6738,
6739,
6740,
6741,
6742,
6743,
6744,
6745,
6746,
6747,
6748,
6749,
6750,
6751,
6752,
6753,
6754,
6755,
6756,
6757,
6758,
6759,
6760,
6761,
6762,
6763,
6764,
6765,
6766,
6767,
6768,
6769,
6770,
6771,
6772,
6773,
6774,
6775,
6776,
6777,
6778,
6779,
6780,
6781,
6782,
6783,
6784,
6785,
6786,
6787,
6788,
6789,
6790,
6791,
6792,
6793,
6794,
6795,
6796,
6797,
6798,
6799,
6800,
6801,
6802,
6803,
6804,
6805,
6806,
6807,
6808,
6809,
6810,
6811,
6812,
6813,
6814,
6815,
6816,
6817,
6818,
6819,
6820,
6821,
6822,
6823,
6824,
6825,
6826,
6827,
6828,
6829,
6830,
6831,
6832,
6833,
6834,
6835,
6836,
6837,
6838,
6839,
6840,
6841,
6842,
6843,
6844,
6845,
6846,
6847,
6848,
6849,
6850,
6851,
6852,
6853,
6854,
6855,
6856,
6857,
6858,
6859,
6860,
6861,
6862,
6863,
6864,
6865,
6866,
6867,
6868,
6869,
6870,
6871,
6872,
6873,
6874,
6875,
6876,
6877,
6878,
6879,
6880,
6881,
6882,
6883,
6884,
6885,
6886,
6887,
6888,
6889,
6890,
6891,
6892,
6893,
6894,
6895,
6896,
6897,
6898,
6899,
6900,
6901,
6902,
6903,
6904,
6905,
6906,
6907,
6908,
6909,
6910,
6911,
6912,
6913,
6914,
6915,
6916,
6917,
6918,
6919,
6920,
6921,
6922,
6923,
6924,
6925,
6926,
6927,
6928,
6929,
6930,
6931,
6932,
6933,
6934,
6935,
6936,
6937,
6938,
6939,
6940,
6941,
6942,
6943,
6944,
6945,
6946,
6947,
6948,
6949,
6950,
6951,
6952,
6953,
6954,
6955,
6956,
6957,
6958,
6959,
6960,
6961,
6962,
6963,
6964,
6965,
6966,
6967,
6968,
6969,
6970,
6971,
6972,
6973,
6974,
6975,
6976,
6977,
6978,
6979,
6980,
6981,
6982,
6983,
6984,
6985,
6986,
6987,
6988,
6989,
6990,
6991,
6992,
6993,
6994,
6995,
6996,
6997,
6998,
6999,
7000,
7001,
7002,
7003,
7004,
7005,
7006,
7007,
7008,
7009,
7010,
7011,
7012,
7013,
7014,
7015,
7016,
7017,
7018,
7019,
7020,
7021,
7022,
7023,
7024,
7025,
7026,
7027,
7028,
7029,
7030,
7031,
7032,
7033,
7034,
7035,
7036,
7037,
7038,
7039,
7040,
7041,
7042,
7043,
7044,
7045,
7046,
7047,
7048,
7049,
7050,
7051,
7052,
7053,
7054,
7055,
7056,
7057,
7058,
7059,
7060,
7061,
7062,
7063,
7064,
7065,
7066,
7067,
7068,
7069,
7070,
7071,
7072,
7073,
7074,
7075,
7076,
7077,
7078,
7079,
7080,
7081,
7082,
7083,
7084,
7085,
7086,
7087,
7088,
7089,
7090,
7091,
7092,
7093,
7094,
7095,
7096,
7097,
7098,
7099,
7100,
7101,
7102,
7103,
7104,
7105,
7106,
7107,
7108,
7109,
7110,
7111,
7112,
7113,
7114,
7115,
7116,
7117,
7118,
7119,
7120,
7121,
7122,
7123,
7124,
7125,
7126,
7127,
7128,
7129,
7130,
7131,
7132,
7133,
7134,
7135,
7136,
7137,
7138,
7139,
7140,
7141,
7142,
7143,
7144,
7145,
7146,
7147,
7148,
7149,
7150,
7151,
7152,
7153,
7154,
7155,
7156,
7157,
7158,
7159,
7160,
7161,
7162,
7163,
7164,
7165,
7166,
7167,
7168,
7169,
7170,
7171,
7172,
7173,
7174,
7175,
7176,
7177,
7178,
7179,
7180,
7181,
7182,
7183,
7184,
7185,
7186,
7187,
7188,
7189,
7190,
7191,
7192,
7193,
7194,
7195,
7196,
7197,
7198,
7199,
7200,
7201,
7202,
7203,
7204,
7205,
7206,
7207,
7208,
7209,
7210,
7211,
7212,
7213,
7214,
7215,
7216,
7217,
7218,
7219,
7220,
7221,
7222,
7223,
7224,
7225,
7226,
7227,
7228,
7229,
7230,
7231,
7232,
7233,
7234,
7235,
7236,
7237,
7238,
7239,
7240,
7241,
7242,
7243,
7244,
7245,
7246,
7247,
7248,
7249,
7250,
7251,
7252,
7253,
7254,
7255,
7256,
7257,
7258,
7259,
7260,
7261,
7262,
7263,
7264,
7265,
7266,
7267,
7268,
7269,
7270,
7271,
7272,
7273,
7274,
7275,
7276,
7277,
7278,
7279,
7280,
7281,
7282,
7283,
7284,
7285,
7286,
7287,
7288,
7289,
7290,
7291,
7292,
7293,
7294,
7295,
7296,
7297,
7298,
7299,
7300,
7301,
7302,
7303,
7304,
7305,
7306,
7307,
7308,
7309,
7310,
7311,
7312,
7313,
7314,
7315,
7316,
7317,
7318,
7319,
7320,
7321,
7322,
7323,
7324,
7325,
7326,
7327,
7328,
7329,
7330,
7331,
7332,
7333,
7334,
7335,
7336,
7337,
7338,
7339,
7340,
7341,
7342,
7343,
7344,
7345,
7346,
7347,
7348,
7349,
7350,
7351,
7352,
7353,
7354,
7355,
7356,
7357,
7358,
7359,
7360,
7361,
7362,
7363,
7364,
7365,
7366,
7367,
7368,
7369,
7370,
7371,
7372,
7373,
7374,
7375,
7376,
7377,
7378,
7379,
7380,
7381,
7382,
7383,
7384,
7385,
7386,
7387,
7388,
7389,
7390,
7391,
7392,
7393,
7394,
7395,
7396,
7397,
7398,
7399,
7400,
7401,
7402,
7403,
7404,
7405,
7406,
7407,
7408,
7409,
7410,
7411,
7412,
7413,
7414,
7415,
7416,
7417,
7418,
7419,
7420,
7421,
7422,
7423,
7424,
7425,
7426,
7427,
7428,
7429,
7430,
7431,
7432,
7433,
7434,
7435,
7436,
7437,
7438,
7439,
7440,
7441,
7442,
7443,
7444,
7445,
7446,
7447,
7448,
7449,
7450,
7451,
7452,
7453,
7454,
7455,
7456,
7457,
7458,
7459,
7460,
7461,
7462,
7463,
7464,
7465,
7466,
7467,
7468,
7469,
7470,
7471,
7472,
7473,
7474,
7475,
7476,
7477,
7478,
7479,
7480,
7481,
7482,
7483,
7484,
7485,
7486,
7487,
7488,
7489,
7490,
7491,
7492,
7493,
7494,
7495,
7496,
7497,
7498,
7499,
7500,
7501,
7502,
7503,
7504,
7505,
7506,
7507,
7508,
7509,
7510,
7511,
7512,
7513,
7514,
7515,
7516,
7517,
7518,
7519,
7520,
7521,
7522,
7523,
7524,
7525,
7526,
7527,
7528,
7529,
7530,
7531,
7532,
7533,
7534,
7535,
7536,
7537,
7538,
7539,
7540,
7541,
7542,
7543,
7544,
7545,
7546,
7547,
7548,
7549,
7550,
7551,
7552,
7553,
7554,
7555,
7556,
7557,
7558,
7559,
7560,
7561,
7562,
7563,
7564,
7565,
7566,
7567,
7568,
7569,
7570,
7571,
7572,
7573,
7574,
7575,
7576,
7577,
7578,
7579,
7580,
7581,
7582,
7583,
7584,
7585,
7586,
7587,
7588,
7589,
7590,
7591,
7592,
7593,
7594,
7595,
7596,
7597,
7598,
7599,
7600,
7601,
7602,
7603,
7604,
7605,
7606,
7607,
7608,
7609,
7610,
7611,
7612,
7613,
7614,
7615,
7616,
7617,
7618,
7619,
7620,
7621,
7622,
7623,
7624,
7625,
7626,
7627,
7628,
7629,
7630,
7631,
7632,
7633,
7634,
7635,
7636,
7637,
7638,
7639,
7640,
7641,
7642,
7643,
7644,
7645,
7646,
7647,
7648,
7649,
7650,
7651,
7652,
7653,
7654,
7655,
7656,
7657,
7658,
7659,
7660,
7661,
7662,
7663,
7664,
7665,
7666,
7667,
7668,
7669,
7670,
7671,
7672,
7673,
7674,
7675,
7676,
7677,
7678,
7679,
7680,
7681,
7682,
7683,
7684,
7685,
7686,
7687,
7688,
7689,
7690,
7691,
7692,
7693,
7694,
7695,
7696,
7697,
7698,
7699,
7700,
7701,
7702,
7703,
7704,
7705,
7706,
7707,
7708,
7709,
7710,
7711,
7712,
7713,
7714,
7715,
7716,
7717,
7718,
7719,
7720,
7721,
7722,
7723,
7724,
7725,
7726,
7727,
7728,
7729,
7730,
7731,
7732,
7733,
7734,
7735,
7736,
7737,
7738,
7739,
7740,
7741,
7742,
7743,
7744,
7745,
7746,
7747,
7748,
7749,
7750,
7751,
7752,
7753,
7754,
7755,
7756,
7757,
7758,
7759,
7760,
7761,
7762,
7763,
7764,
7765,
7766,
7767,
7768,
7769,
7770,
7771,
7772,
7773,
7774,
7775,
7776,
7777,
7778,
7779,
7780,
7781,
7782,
7783,
7784,
7785,
7786,
7787,
7788,
7789,
7790,
7791,
7792,
7793,
7794,
7795,
7796,
7797,
7798,
7799,
7800,
7801,
7802,
7803,
7804,
7805,
7806,
7807,
7808,
7809,
7810,
7811,
7812,
7813,
7814,
7815,
7816,
7817,
7818,
7819,
7820,
7821,
7822,
7823,
7824,
7825,
7826,
7827,
7828,
7829,
7830,
7831,
7832,
7833,
7834,
7835,
7836,
7837,
7838,
7839,
7840,
7841,
7842,
7843,
7844,
7845,
7846,
7847,
7848,
7849,
7850,
7851,
7852,
7853,
7854,
7855,
7856,
7857,
7858,
7859,
7860,
7861,
7862,
7863,
7864,
7865,
7866,
7867,
7868,
7869,
7870,
7871,
7872,
7873,
7874,
7875,
7876,
7877,
7878,
7879,
7880,
7881,
7882,
7883,
7884,
7885,
7886,
7887,
7888,
7889,
7890,
7891,
7892,
7893,
7894,
7895,
7896,
7897,
7898,
7899,
7900,
7901,
7902,
7903,
7904,
7905,
7906,
7907,
7908,
7909,
7910,
7911,
7912,
7913,
7914,
7915,
7916,
7917,
7918,
7919,
7920,
7921,
7922,
7923,
7924,
7925,
7926,
7927,
7928,
7929,
7930,
7931,
7932,
7933,
7934,
7935,
7936,
7937,
7938,
7939,
7940,
7941,
7942,
7943,
7944,
7945,
7946,
7947,
7948,
7949,
7950,
7951,
7952,
7953,
7954,
7955,
7956,
7957,
7958,
7959,
7960,
7961,
7962,
7963,
7964,
7965,
7966,
7967,
7968,
7969,
7970,
7971,
7972,
7973,
7974,
7975,
7976,
7977,
7978,
7979,
7980,
7981,
7982,
7983,
7984,
7985,
7986,
7987,
7988,
7989,
7990,
7991,
7992,
7993,
7994,
7995,
7996,
7997,
7998,
7999,
8000,
8001,
8002,
8003,
8004,
8005,
8006,
8007,
8008,
8009,
8010,
8011,
8012,
8013,
8014,
8015,
8016,
8017,
8018,
8019,
8020,
8021,
8022,
8023,
8024,
8025,
8026,
8027,
8028,
8029,
8030,
8031,
8032,
8033,
8034,
8035,
8036,
8037,
8038,
8039,
8040,
8041,
8042,
8043,
8044,
8045,
8046,
8047,
8048,
8049,
8050,
8051,
8052,
8053,
8054,
8055,
8056,
8057,
8058,
8059,
8060,
8061,
8062,
8063,
8064,
8065,
8066,
8067,
8068,
8069,
8070,
8071,
8072,
8073,
8074,
8075,
8076,
8077,
8078,
8079,
8080,
8081,
8082,
8083,
8084,
8085,
8086,
8087,
8088,
8089,
8090,
8091,
8092,
8093,
8094,
8095,
8096,
8097,
8098,
8099,
8100,
8101,
8102,
8103,
8104,
8105,
8106,
8107,
8108,
8109,
8110,
8111,
8112,
8113,
8114,
8115,
8116,
8117,
8118,
8119,
8120,
8121,
8122,
8123,
8124,
8125,
8126,
8127,
8128,
8129,
8130,
8131,
8132,
8133,
8134,
8135,
8136,
8137,
8138,
8139,
8140,
8141,
8142,
8143,
8144,
8145,
8146,
8147,
8148,
8149,
8150,
8151,
8152,
8153,
8154,
8155,
8156,
8157,
8158,
8159,
8160,
8161,
8162,
8163,
8164,
8165,
8166,
8167,
8168,
8169,
8170,
8171,
8172,
8173,
8174,
8175,
8176,
8177,
8178,
8179,
8180,
8181,
8182,
8183,
8184,
8185,
8186,
8187,
8188,
8189,
8190,
8191,
8192,
8193,
8194,
8195,
8196,
8197,
8198,
8199,
8200,
8201,
8202,
8203,
8204,
8205,
8206,
8207,
8208,
8209,
8210,
8211,
8212,
8213,
8214,
8215,
8216,
8217,
8218,
8219,
8220,
8221,
8222,
8223,
8224,
8225,
8226,
8227,
8228,
8229,
8230,
8231,
8232,
8233,
8234,
8235,
8236,
8237,
8238,
8239,
8240,
8241,
8242,
8243,
8244,
8245,
8246,
8247,
8248,
8249,
8250,
8251,
8252,
8253,
8254,
8255,
8256,
8257,
8258,
8259,
8260,
8261,
8262,
8263,
8264,
8265,
8266,
8267,
8268,
8269,
8270,
8271,
8272,
8273,
8274,
8275,
8276,
8277,
8278,
8279,
8280,
8281,
8282,
8283,
8284,
8285,
8286,
8287,
8288,
8289,
8290,
8291,
8292,
8293,
8294,
8295,
8296,
8297,
8298,
8299,
8300,
8301,
8302,
8303,
8304,
8305,
8306,
8307,
8308,
8309,
8310,
8311,
8312,
8313,
8314,
8315,
8316,
8317,
8318,
8319,
8320,
8321,
8322,
8323,
8324,
8325,
8326,
8327,
8328,
8329,
8330,
8331,
8332,
8333,
8334,
8335,
8336,
8337,
8338,
8339,
8340,
8341,
8342,
8343,
8344,
8345,
8346,
8347,
8348,
8349,
8350,
8351,
8352,
8353,
8354,
8355,
8356,
8357,
8358,
8359,
8360,
8361,
8362,
8363,
8364,
8365,
8366,
8367,
8368,
8369,
8370,
8371,
8372,
8373,
8374,
8375,
8376,
8377,
8378,
8379,
8380,
8381,
8382,
8383,
8384,
8385,
8386,
8387,
8388,
8389,
8390,
8391,
8392,
8393,
8394,
8395,
8396,
8397,
8398,
8399,
8400,
8401,
8402,
8403,
8404,
8405,
8406,
8407,
8408,
8409,
8410,
8411,
8412,
8413,
8414,
8415,
8416,
8417,
8418,
8419,
8420,
8421,
8422,
8423,
8424,
8425,
8426,
8427,
8428,
8429,
8430,
8431,
8432,
8433,
8434,
8435,
8436,
8437,
8438,
8439,
8440,
8441,
8442,
8443,
8444,
8445,
8446,
8447,
8448,
8449,
8450,
8451,
8452,
8453,
8454,
8455,
8456,
8457,
8458,
8459,
8460,
8461,
8462,
8463,
8464,
8465,
8466,
8467,
8468,
8469,
8470,
8471,
8472,
8473,
8474,
8475,
8476,
8477,
8478,
8479,
8480,
8481,
8482,
8483,
8484,
8485,
8486,
8487,
8488,
8489,
8490,
8491,
8492,
8493,
8494,
8495,
8496,
8497,
8498,
8499,
8500,
8501,
8502,
8503,
8504,
8505,
8506,
8507,
8508,
8509,
8510,
8511,
8512,
8513,
8514,
8515,
8516,
8517,
8518,
8519,
8520,
8521,
8522,
8523,
8524,
8525,
8526,
8527,
8528,
8529,
8530,
8531,
8532,
8533,
8534,
8535,
8536,
8537,
8538,
8539,
8540,
8541,
8542,
8543,
8544,
8545,
8546,
8547,
8548,
8549,
8550,
8551,
8552,
8553,
8554,
8555,
8556,
8557,
8558,
8559,
8560,
8561,
8562,
8563,
8564,
8565,
8566,
8567,
8568,
8569,
8570,
8571,
8572,
8573,
8574,
8575,
8576,
8577,
8578,
8579,
8580,
8581,
8582,
8583,
8584,
8585,
8586,
8587,
8588,
8589,
8590,
8591,
8592,
8593,
8594,
8595,
8596,
8597,
8598,
8599,
8600,
8601,
8602,
8603,
8604,
8605,
8606,
8607,
8608,
8609,
8610,
8611,
8612,
8613,
8614,
8615,
8616,
8617,
8618,
8619,
8620,
8621,
8622,
8623,
8624,
8625,
8626,
8627,
8628,
8629,
8630,
8631,
8632,
8633,
8634,
8635,
8636,
8637,
8638,
8639,
8640,
8641,
8642,
8643,
8644,
8645,
8646,
8647,
8648,
8649,
8650,
8651,
8652,
8653,
8654,
8655,
8656,
8657,
8658,
8659,
8660,
8661,
8662,
8663,
8664,
8665,
8666,
8667,
8668,
8669,
8670,
8671,
8672,
8673,
8674,
8675,
8676,
8677,
8678,
8679,
8680,
8681,
8682,
8683,
8684,
8685,
8686,
8687,
8688,
8689,
8690,
8691,
8692,
8693,
8694,
8695,
8696,
8697,
8698,
8699,
8700,
8701,
8702,
8703,
8704,
8705,
8706,
8707,
8708,
8709,
8710,
8711,
8712,
8713,
8714,
8715,
8716,
8717,
8718,
8719,
8720,
8721,
8722,
8723,
8724,
8725,
8726,
8727,
8728,
8729,
8730,
8731,
8732,
8733,
8734,
8735,
8736,
8737,
8738,
8739,
8740,
8741,
8742,
8743,
8744,
8745,
8746,
8747,
8748,
8749,
8750,
8751,
8752,
8753,
8754,
8755,
8756,
8757,
8758,
8759,
8760,
8761,
8762,
8763,
8764,
8765,
8766,
8767,
8768,
8769,
8770,
8771,
8772,
8773,
8774,
8775,
8776,
8777,
8778,
8779,
8780,
8781,
8782,
8783,
8784,
8785,
8786,
8787,
8788,
8789,
8790,
8791,
8792,
8793,
8794,
8795,
8796,
8797,
8798,
8799,
8800,
8801,
8802,
8803,
8804,
8805,
8806,
8807,
8808,
8809,
8810,
8811,
8812,
8813,
8814,
8815,
8816,
8817,
8818,
8819,
8820,
8821,
8822,
8823,
8824,
8825,
8826,
8827,
8828,
8829,
8830,
8831,
8832,
8833,
8834,
8835,
8836,
8837,
8838,
8839,
8840,
8841,
8842,
8843,
8844,
8845,
8846,
8847,
8848,
8849,
8850,
8851,
8852,
8853,
8854,
8855,
8856,
8857,
8858,
8859,
8860,
8861,
8862,
8863,
8864,
8865,
8866,
8867,
8868,
8869,
8870,
8871,
8872,
8873,
8874,
8875,
8876,
8877,
8878,
8879,
8880,
8881,
8882,
8883,
8884,
8885,
8886,
8887,
8888,
8889,
8890,
8891,
8892,
8893,
8894,
8895,
8896,
8897,
8898,
8899,
8900,
8901,
8902,
8903,
8904,
8905,
8906,
8907,
8908,
8909,
8910,
8911,
8912,
8913,
8914,
8915,
8916,
8917,
8918,
8919,
8920,
8921,
8922,
8923,
8924,
8925,
8926,
8927,
8928,
8929,
8930,
8931,
8932,
8933,
8934,
8935,
8936,
8937,
8938,
8939,
8940,
8941,
8942,
8943,
8944,
8945,
8946,
8947,
8948,
8949,
8950,
8951,
8952,
8953,
8954,
8955,
8956,
8957,
8958,
8959,
8960,
8961,
8962,
8963,
8964,
8965,
8966,
8967,
8968,
8969,
8970,
8971,
8972,
8973,
8974,
8975,
8976,
8977,
8978,
8979,
8980,
8981,
8982,
8983,
8984,
8985,
8986,
8987,
8988,
8989,
8990,
8991,
8992,
8993,
8994,
8995,
8996,
8997,
8998,
8999,
9000,
9001,
9002,
9003,
9004,
9005,
9006,
9007,
9008,
9009,
9010,
9011,
9012,
9013,
9014,
9015,
9016,
9017,
9018,
9019,
9020,
9021,
9022,
9023,
9024,
9025,
9026,
9027,
9028,
9029,
9030,
9031,
9032,
9033,
9034,
9035,
9036,
9037,
9038,
9039,
9040,
9041,
9042,
9043,
9044,
9045,
9046,
9047,
9048,
9049,
9050,
9051,
9052,
9053,
9054,
9055,
9056,
9057,
9058,
9059,
9060,
9061,
9062,
9063,
9064,
9065,
9066,
9067,
9068,
9069,
9070,
9071,
9072,
9073,
9074,
9075,
9076,
9077,
9078,
9079,
9080,
9081,
9082,
9083,
9084,
9085,
9086,
9087,
9088,
9089,
9090,
9091,
9092,
9093,
9094,
9095,
9096,
9097,
9098,
9099,
9100,
9101,
9102,
9103,
9104,
9105,
9106,
9107,
9108,
9109,
9110,
9111,
9112,
9113,
9114,
9115,
9116,
9117,
9118,
9119,
9120,
9121,
9122,
9123,
9124,
9125,
9126,
9127,
9128,
9129,
9130,
9131,
9132,
9133,
9134,
9135,
9136,
9137,
9138,
9139,
9140,
9141,
9142,
9143,
9144,
9145,
9146,
9147,
9148,
9149,
9150,
9151,
9152,
9153,
9154,
9155,
9156,
9157,
9158,
9159,
9160,
9161,
9162,
9163,
9164,
9165,
9166,
9167,
9168,
9169,
9170,
9171,
9172,
9173,
9174,
9175,
9176,
9177,
9178,
9179,
9180,
9181,
9182,
9183,
9184,
9185,
9186,
9187,
9188,
9189,
9190,
9191,
9192,
9193,
9194,
9195,
9196,
9197,
9198,
9199,
9200,
9201,
9202,
9203,
9204,
9205,
9206,
9207,
9208,
9209,
9210,
9211,
9212,
9213,
9214,
9215,
9216,
9217,
9218,
9219,
9220,
9221,
9222,
9223,
9224,
9225,
9226,
9227,
9228,
9229,
9230,
9231,
9232,
9233,
9234,
9235,
9236,
9237,
9238,
9239,
9240,
9241,
9242,
9243,
9244,
9245,
9246,
9247,
9248,
9249,
9250,
9251,
9252,
9253,
9254,
9255,
9256,
9257,
9258,
9259,
9260,
9261,
9262,
9263,
9264,
9265,
9266,
9267,
9268,
9269,
9270,
9271,
9272,
9273,
9274,
9275,
9276,
9277,
9278,
9279,
9280,
9281,
9282,
9283,
9284,
9285,
9286,
9287,
9288,
9289,
9290,
9291,
9292,
9293,
9294,
9295,
9296,
9297,
9298,
9299,
9300,
9301,
9302,
9303,
9304,
9305,
9306,
9307,
9308,
9309,
9310,
9311,
9312,
9313,
9314,
9315,
9316,
9317,
9318,
9319,
9320,
9321,
9322,
9323,
9324,
9325,
9326,
9327,
9328,
9329,
9330,
9331,
9332,
9333,
9334,
9335,
9336,
9337,
9338,
9339,
9340,
9341,
9342,
9343,
9344,
9345,
9346,
9347,
9348,
9349,
9350,
9351,
9352,
9353,
9354,
9355,
9356,
9357,
9358,
9359,
9360,
9361,
9362,
9363,
9364,
9365,
9366,
9367,
9368,
9369,
9370,
9371,
9372,
9373,
9374,
9375,
9376,
9377,
9378,
9379,
9380,
9381,
9382,
9383,
9384,
9385,
9386,
9387,
9388,
9389,
9390,
9391,
9392,
9393,
9394,
9395,
9396,
9397,
9398,
9399,
9400,
9401,
9402,
9403,
9404,
9405,
9406,
9407,
9408,
9409,
9410,
9411,
9412,
9413,
9414,
9415,
9416,
9417,
9418,
9419,
9420,
9421,
9422,
9423,
9424,
9425,
9426,
9427,
9428,
9429,
9430,
9431,
9432,
9433,
9434,
9435,
9436,
9437,
9438,
9439,
9440,
9441,
9442,
9443,
9444,
9445,
9446,
9447,
9448,
9449,
9450,
9451,
9452,
9453,
9454,
9455,
9456,
9457,
9458,
9459,
9460,
9461,
9462,
9463,
9464,
9465,
9466,
9467,
9468,
9469,
9470,
9471,
9472,
9473,
9474,
9475,
9476,
9477,
9478,
9479,
9480,
9481,
9482,
9483,
9484,
9485,
9486,
9487,
9488,
9489,
9490,
9491,
9492,
9493,
9494,
9495,
9496,
9497,
9498,
9499,
9500,
9501,
9502,
9503,
9504,
9505,
9506,
9507,
9508,
9509,
9510,
9511,
9512,
9513,
9514,
9515,
9516,
9517,
9518,
9519,
9520,
9521,
9522,
9523,
9524,
9525,
9526,
9527,
9528,
9529,
9530,
9531,
9532,
9533,
9534,
9535,
9536,
9537,
9538,
9539,
9540,
9541,
9542,
9543,
9544,
9545,
9546,
9547,
9548,
9549,
9550,
9551,
9552,
9553,
9554,
9555,
9556,
9557,
9558,
9559,
9560,
9561,
9562,
9563,
9564,
9565,
9566,
9567,
9568,
9569,
9570,
9571,
9572,
9573,
9574,
9575,
9576,
9577,
9578,
9579,
9580,
9581,
9582,
9583,
9584,
9585,
9586,
9587,
9588,
9589,
9590,
9591,
9592,
9593,
9594,
9595,
9596,
9597,
9598,
9599,
9600,
9601,
9602,
9603,
9604,
9605,
9606,
9607,
9608,
9609,
9610,
9611,
9612,
9613,
9614,
9615,
9616,
9617,
9618,
9619,
9620,
9621,
9622,
9623,
9624,
9625,
9626,
9627,
9628,
9629,
9630,
9631,
9632,
9633,
9634,
9635,
9636,
9637,
9638,
9639,
9640,
9641,
9642,
9643,
9644,
9645,
9646,
9647,
9648,
9649,
9650,
9651,
9652,
9653,
9654,
9655,
9656,
9657,
9658,
9659,
9660,
9661,
9662,
9663,
9664,
9665,
9666,
9667,
9668,
9669,
9670,
9671,
9672,
9673,
9674,
9675,
9676,
9677,
9678,
9679,
9680,
9681,
9682,
9683,
9684,
9685,
9686,
9687,
9688,
9689,
9690,
9691,
9692,
9693,
9694,
9695,
9696,
9697,
9698,
9699,
9700,
9701,
9702,
9703,
9704,
9705,
9706,
9707,
9708,
9709,
9710,
9711,
9712,
9713,
9714,
9715,
9716,
9717,
9718,
9719,
9720,
9721,
9722,
9723,
9724,
9725,
9726,
9727,
9728,
9729,
9730,
9731,
9732,
9733,
9734,
9735,
9736,
9737,
9738,
9739,
9740,
9741,
9742,
9743,
9744,
9745,
9746,
9747,
9748,
9749,
9750,
9751,
9752,
9753,
9754,
9755,
9756,
9757,
9758,
9759,
9760,
9761,
9762,
9763,
9764,
9765,
9766,
9767,
9768,
9769,
9770,
9771,
9772,
9773,
9774,
9775,
9776,
9777,
9778,
9779,
9780,
9781,
9782,
9783,
9784,
9785,
9786,
9787,
9788,
9789,
9790,
9791,
9792,
9793,
9794,
9795,
9796,
9797,
9798,
9799,
9800,
9801,
9802,
9803,
9804,
9805,
9806,
9807,
9808,
9809,
9810,
9811,
9812,
9813,
9814,
9815,
9816,
9817,
9818,
9819,
9820,
9821,
9822,
9823,
9824,
9825,
9826,
9827,
9828,
9829,
9830,
9831,
9832,
9833,
9834,
9835,
9836,
9837,
9838,
9839,
9840,
9841,
9842,
9843,
9844,
9845,
9846,
9847,
9848,
9849,
9850,
9851,
9852,
9853,
9854,
9855,
9856,
9857,
9858,
9859,
9860,
9861,
9862,
9863,
9864,
9865,
9866,
9867,
9868,
9869,
9870,
9871,
9872,
9873,
9874,
9875,
9876,
9877,
9878,
9879,
9880,
9881,
9882,
9883,
9884,
9885,
9886,
9887,
9888,
9889,
9890,
9891,
9892,
9893,
9894,
9895,
9896,
9897,
9898,
9899,
9900,
9901,
9902,
9903,
9904,
9905,
9906,
9907,
9908,
9909,
9910,
9911,
9912,
9913,
9914,
9915,
9916,
9917,
9918,
9919,
9920,
9921,
9922,
9923,
9924,
9925,
9926,
9927,
9928,
9929,
9930,
9931,
9932,
9933,
9934,
9935,
9936,
9937,
9938,
9939,
9940,
9941,
9942,
9943,
9944,
9945,
9946,
9947,
9948,
9949,
9950,
9951,
9952,
9953,
9954,
9955,
9956,
9957,
9958,
9959,
9960,
9961,
9962,
9963,
9964,
9965,
9966,
9967,
9968,
9969,
9970,
9971,
9972,
9973,
9974,
9975,
9976,
9977,
9978,
9979,
9980,
9981,
9982,
9983,
9984,
9985,
9986,
9987,
9988,
9989,
9990,
9991,
9992,
9993,
9994,
9995,
9996,
9997,
9998,
9999,
